post_id	preds
1	['qgwu9fsk', 'x4zuv4jo', 'j0bu0upi', 'b5yrfllu', 'rbgoabfk']
2	['evf9nz05', '7keaoi4d', 'zzscey1f', 'xokujzbl', 'y1vjka66']
3	['ky5env7t', 't2gxkxxd', '2jdlavwj', 'gtp5daep', '58r5wcwd']
4	['ru2ty1y9', 'wabd3b9z', '609b8j39', '1zp73mvu', 'ut4d68ti']
5	['f5p37j7g', 'nzat41wu', 'l70ghm8g', 'lmzkseiz', 'g4k0ksr8']
6	['vdd8uuv8', 'hhy9g1yf', 'xltcax0k', 'isk5cu0k', 'ko8lyoob']
7	['2a12nsnl', 'fu685z9a', 'dz6nv7h1', '4rsvcbnz', 'l72grjbg']
8	['ft4f28qp', 'y3vhezw8', 'g0wujywh', '0pcgcbjw', '5qhc4z2t']
9	['atnxkvy6', 'ws7lp560', 'npe81wc8', 'kq0cu73r', '611ih9pl']
10	['xtmn1n0r', '9pb2eqoa', 'w2c01295', '1s8jzzwg', 'nr0fu2qb']
11	['jp80u828', 'l4u01fzk', '1aruw47h', '4oxbczqe', '3cl3q80m']
12	['yzn6jibu', '4unn3fmu', '1xvj7xq7', 'iu6epm2i', 'g3hujz5o']
13	['1d8sb9rw', 'vc0ezpp7', 'to2wxs8m', 't3qn61pn', 'zqg1r6c8']
14	['geo7ac5i', '8rvhqd9b', 'j1o86xp9', 'ay69e8ad', '58r5wcwd']
15	['nbdk83ok', 'ppuki7qn', 'a7420by2', 'e6miaabh', 'dpyz8uh4']
16	['v9366atg', '2u44c7oi', 'wh9vvgv2', 'wt6azxc1', 'bn22k0p3']
17	['ccxnsmia', 'h2uc7ria', 'vjwu0fvp', 'ga8usnni', 'j99cgsjt']
18	['fj6l76hq', 'pdfl15fz', 'y43prnko', '1s8jzzwg', 'w1bx4a7v']
19	['fff0swre', 'hn21zwy1', 'lf2u7roq', 'y0mbzzx0', '4742ozfb']
20	['xpwv8xlv', 'gh9sy7sl', 'mdewdbqs', 'ic2h01gm', 'bfcz49t9']
21	['n1ysi7qc', '4p6fcy8f', '1zuhilmu', 'dgng39yd', '0rrhiw9m']
22	['bgn6zrer', 'n9sfdksz', 'f5m4ndx4', 'vbhijlmn', '17km3arw']
23	['8f83k2ce', 'isxasd9b', 'sdij1d90', 'gk3wr6s1', 'tdlcb9bf']
24	['flqdf8vd', 'lrgmyfjs', 'raw2mt47', 'x4mgnhbg', 'y1uk8yfa']
25	['uzry86hi', '0d121e1c', '4z8i83p4', 'jw713e2n', 'n9nu5n44']
26	['i0bc6k81', '7fyhx6c2', '8393t8xl', 'bgsbbszf', '7yldl4ld']
27	['e4xw6gyp', '6xxm7hcs', '32ua8wb6', '6qai5sev', '859q36i1']
28	['r58aohnu', '5yscqct1', 'iu4p5k0w', 'ohkki0ke', 'usyduiti']
29	['r5iu5nr1', 'vprj63y2', 'r4yukmwe', '8vnsrvws', '33cmymur']
30	['vw8a1994', '7pbrnn2g', 'von13s78', '1o5y5zma', '903pyh9v']
31	['is9a77dk', 'o6zww1rr', 'ix0xi5jb', 'pxx5yyc5', 'bqn29m9k']
32	['mt0c57cp', 'nom4z0tv', '5yscqct1', '0mwz8kwo', 'gb1sk22m']
33	['7zngkwoh', 'fj6l76hq', 'upiu3e2d', '1aqf98e0', 'iylmvmv3']
34	['g4hlvnmq', 'os0sslxc', 't90pvtad', '9h4zzo5q', 'bh8zshy9']
35	['dz6nv7h1', '5b1xsakf', 'u7tqolyi', 'rc5d6wi3', '6x3qopgt']
36	['z22g03v4', 'iuziorsk', 'u31ixcwa', 'a5av0dq8', 'sm0112e3']
37	['8l1vfsbc', '08p8ns2d', 'kxdfnykd', 'mg8uyeuh', 'aqke0012']
38	['wbix36hf', 'g7n7jh5y', 'fup55b95', 'eflyypev', '1yrhikew']
39	['ydcu8f2k', 'lvvw1npq', '6wpyxcuy', 'po32j519', 'apqzyln2']
40	['h8c8lc0a', 'vbayngh0', '7qz1o6aa', 'cj7tcpsz', 'eecwjrdc']
41	['y0u00y67', 'sdtr6yla', 'q3h8afld', 'ryfz5xsj', 'dqlay9br']
42	['ike8mgh6', 'l4y7v729', 'leg5ntvu', 'k8wb51i7', '6lsgwvsv']
43	['52lf5gzr', 'ksf2tpdw', 'gcsew8u3', 'lkrh3svp', 'v0y734lu']
44	['nz976qc6', 'lm73oj21', '186wyg7t', 'onlly1ga', 'd21lvneh']
45	['qxxn1zf9', 'wcq3qqt4', 'nyvmlxqf', 't3givxiy', 'dm6pznm2']
46	['6nt6msrm', 'la2wvnb0', '8lqb9le5', 'yx0u0iyw', 'ngpl6xs1']
47	['0extp6r3', 'n72vs4rw', 'rnq3k34m', 'yyhuctqg', 'lby3xhmp']
48	['fe456in0', 'hwg0lthr', 'jnwuu08w', '6vqf2n5j', 'gy0kfhy6']
49	['bqy5eo3p', 'zb7ge4b8', 'il4wa97x', 'c8od88jh', 'zz0i50l7']
50	['4hmecfi0', 'entkqcn3', 'ej7pj7d2', 'z77wg8j9', 'o43e6aid']
51	['uj5deryi', 'hmkqnply', '0pptqw7o', '3ncm8iwb', 'i1icueuw']
52	['g5h4tazp', '1zbsbcdd', 'd2xc1hew', 'hm332jqo', '8anqfkmo']
53	['20xgqvxc', 'vprj63y2', 'ftq6ed38', 'd5sxycaw', 'kt47i60w']
54	['4ehxnzc7', 'cpqeo65g', '68d30i8k', 'xthxesgk', 'l07q84ni']
55	['vvmb92wo', 'w3ls1d7w', '2bupc5jh', 'astxi4el', '1vcc1khg']
56	['vc6j8ao2', 'ex3s7ytv', 'w3d33mq0', '07cica09', 'y6jrt5xh']
57	['oi8epg9m', 'o3cr0xvm', '1992wisb', '86qczmbt', 'c8krivoj']
58	['c3wkwn0u', '4ckob7b0', 'msg9j0lb', 'm4hwwhux', '4i19gysg']
59	['ezrmuw48', 'umqcuul5', 'xezpzl91', '33xgu2rw', 'zqg1r6c8']
60	['3mfwweyr', 'vwrhypnl', 'qlwergum', '94w1sbsb', 'uto9q6s2']
61	['qvj36vut', '0eftiyuw', 'd3530i86', 'sjsaw6yv', '6lsl7ahj']
62	['25aj8rj5', 'yosjlefy', 'f0wpsaip', 'idg7c8wf', '5351oj7i']
63	['tdlcb9bf', '5o9bbspc', 'wmpjfc02', 'et1ekgdl', '383sp7f5']
64	['o3cr0xvm', '1992wisb', '7a7oi5dt', 'qqbe2bop', 'yaedocvp']
65	['xmd8fh95', '3o91v72a', 'tljydrnu', 'ijzoa0yn', 'hb2lieh3']
66	['uejtwgar', '1umbwskb', 'ukbhlaaa', 'kwqdyhn6', 'jn2omyez']
67	['jo38hjqa', '31idktk7', '3xw4qjoy', 'vi1jl4po', 'y4m987yn']
68	['txnegebz', 'lpbb4rga', 'eflwztji', '25aj8rj5', 'h0spcvjl']
69	['kayh0v56', 'lpar7tc8', 'eq5qqshb', '35xqlryc', 'zew4tzy7']
70	['7f33cu6l', '4gxff3rd', 'd2fc2kw5', 'mmr04tsm', 'fypodr9a']
71	['qalficgu', 'lhx0it2z', 'iez1j9jn', 'nvphu1fm', '8aosx41e']
72	['gg5c8v7d', 'c2s2lxw9', 'hunepli1', 'r5eve0bl', 'iyw43izp']
73	['qdmkx03t', '3tfof5nd', '8lnjbxe5', 'ypqusgs3', 'vqlnd5rx']
74	['1vcc1khg', 'w3ls1d7w', 'y43prnko', 'mdx41yqn', 'dhd9e9bn']
75	['5lzixulv', '0bh8i14e', 's4xintwp', 'o476dtgd', 'bzeqs5oh']
76	['isivkz8b', 'cgc0v1dg', 'rkgrsiqf', '164yx77a', '095g2l66']
77	['myeiu66g', 'pj7no3fe', 'zuz2992q', 'pbb9nrba', 'dyxyab5g']
78	['5q8k71et', 'ofavwj52', '9xpbwf9c', 'c4h0x85r', '5qvtdx0y']
79	['2rx84imv', 'vvmb92wo', 'x9sfgtim', 'ropgq7tr', 'hqapg5ow']
80	['7qxs79qy', 'edx9z9oi', 'jc26e39s', 'yfpioqi5', '2ierk83o']
81	['7yocj24n', 'spkjn8bq', 'kgmugkmw', 'mpeugvt9', 'atksh1pr']
82	['d0cd89hs', 'i3iy8ax9', 'nvqv99ak', 'pjllicm7', '89ic6lmt']
83	['msovjuk4', 'igm2qr4p', '7twi1z5b', 'kvcx11yo', 'tweqie5k']
84	['ca3h96bx', 'rr87vhd0', 'f1ckv4bk', '8k2v0u19', 'r0taoqsw']
85	['hpbcwiwf', 'pfvf8ujb', 'od60es9b', 'lmzkseiz', 'jfvq2gfx']
86	['w3ls1d7w', 'ximw03ej', 'y43prnko', '1s8jzzwg', 'umvrwgaw']
87	['hlulg3wf', '2w80hys9', '0bdi3yxk', 'iev55n7g', 'cv6no7nw']
88	['1ef8ac5c', 'wjktna81', '9kk8pevp', 'fq5nayxt', 'paczkqnw']
89	['0ojzssli', '2hbcbvt6', 'th64ca79', 't038136e', 'x4mgnhbg']
90	['xh1iw8gf', '8gogju5n', 'emg87q94', '4grqkn3u', '4frv2vb7']
91	['2zbm4iwn', '9g547s2n', '3o5c0l24', 'zd8c1no7', 'ow39tpxn']
92	['vg96f35h', '34j9n40u', 'tql5cv8k', 'b2rgb6h9', '1k0xqhda']
93	['w0ebmg16', 'wn98fql3', 'vx1hjh26', 'dq3qunwe', 'vvmb92wo']
94	['8gl323hs', 'hfk8nikl', '0oq0xmzr', 'dcli6uaq', 'hnj1jqr1']
95	['1l4o9pko', 'aakzdkcj', '9wnkmn27', 'nz976qc6', 'vrjibtfi']
96	['ukdylwb7', 'jbom8iq6', 'j0bu0upi', '0oq0xmzr', '5xhc3h0z']
97	['8bihly91', '4vq9ljlg', 'f4hj35dr', '1npav6m4', 'svxbesi4']
98	['dbxufi3m', 'yqx0xqz9', 'pmd1n2l1', 'm79zl7ka', 'krh63hqp']
99	['atloc9th', 'jgq968f6', 'olhgu24h', 'e0pbs354', 'yt7uqvno']
100	['g4hlvnmq', 'pb25lrnw', '3ncm8iwb', 'mqyu72nc', 'y4m987yn']
101	['u95kg3m0', 'nles7ymd', 'c8od88jh', '4img2we6', 'w19e5ayb']
102	['aj885nl0', '2w6p6jji', 'z92xqedn', 'hkk23tqt', 'bs5hcx6l']
103	['6y6e5qgj', 'a3i3t6od', 'spkjn8bq', 'awfgfmx1', 'spohl5ey']
104	['l4y7v729', '2tre0wat', 'qi1henyy', 'zycgczqy', '0hbyplqq']
105	['7qpwux9w', 'y047cuxp', 'xnrp2tpd', 'a702kkx0', 'k8wb51i7']
106	['wtovv1jy', 'o7ww2prj', 'k7vjqzx1', 'extp8epx', 'wr9ko6l5']
107	['suw0h7s3', 'zpv5f8pr', 'ds7qon66', 'ydcu8f2k', 'po32j519']
108	['0vlh67jw', 'eay6qfhz', 'vvmb92wo', 'mnjy6bq2', 'sxi0tpsf']
109	['hgqohdct', 'zaibt2fq', '296ilxyg', 'iwc72ymq', 'khji80nm']
110	['e7ud2rrq', 'd0nacth6', '0retx7ty', 'ekgqdjlk', 'apqzyln2']
111	['b6ki6rmn', 'k2qertx2', 'pa81t00f', 'o86wki37', '095g2l66']
112	['9bhi3rqu', '7fua7kgs', '3lfmmfp2', 'j1kzjre0', 'qdmkx03t']
113	['72f64kpf', 'ylvgmdwh', 'z5493bye', 'vkxf3gha', 'hmjaz4kc']
114	['w3d33mq0', '8r8586br', 'tstx42h7', 'ss7tac1i', 'eo8rbcy2']
115	['f1ckv4bk', 'r2hovw0y', 'y8o5j2be', 'rr87vhd0', 's96beqsh']
116	['rc5d6wi3', 'k457kqlo', '6mzqk12f', 'von13s78', 'o3cr0xvm']
117	['58r5wcwd', 'boew323c', '4cqf9v2v', 'n3xm6c0y', 'ogdqq3dl']
118	['lpoxaetv', 'opckeugf', 'jgs4jszx', 'feohcey3', 'sok0cyd3']
119	['iha9gjt4', 'xtmn1n0r', '9gn4jcu9', 'w0ebmg16', 'vf7xj5qt']
120	['q17jutw0', 't2np6qa5', '3unp46lw', 'yb6jk5j0', 'an1wfsvk']
121	['k3mz6lf1', 'zbkx78mm', 'dtja6m6w', 'u6bgywat', 'v10454ns']
122	['913sln1q', 'tki4l0gb', 'gat4jwsu', '4b6jrycu', '4bw26042']
123	['8cvjsisw', 'dyxfsojh', '9wnkmn27', 'rcdoewwv', 'l375v2my']
124	['4budtw8s', '3ubithu4', 'i8byjktt', 'npd9wz3u', 'su028g3j']
125	['o8gdpf0i', 'ujy4i5uu', 'e9j4b00a', 'th64ca79', 'wtb51big']
126	['gw6qnwe3', 'xyyhup28', 'ii2fmi39', 'x6sdpk6v', 'kkzahuz9']
127	['k6cumncp', 'sgokzw5i', '1fx7x8af', 'iyi2fwhf', 'gvn2v6rt']
128	['qj1v04cf', 'b4mjo92p', 'b3doorzq', 'l63d9lyd', 'cd7cfpx3']
129	['56rn6d6o', 'vj2z52vg', '69fmtury', '8anqfkmo', 'vaeh5z4z']
130	['aaznc5qi', '8nil3u2k', 'rdmmnnjd', 'p3cxk8gd', '3wk58t5t']
131	['qv6oxjwd', 'rtczfklg', 'qiphsrjz', 'pl6dpxkz', '0v55vvfd']
132	['1otgdo19', '32gnw4sv', 'bxjmeqgp', 'eia1mvaw', 'mttosjh7']
133	['93amoypt', 'anu3pahh', 'w3gt0w41', 'h6xa91pu', 'ymbfoqfa']
134	['fu685z9a', 'qh6fqna8', 'yx0u0iyw', '4pyx0xps', 'h9nzxlaf']
135	['y4m987yn', 't90pvtad', 'ciwozpc0', '1hlqov6m', 'gha1wg4w']
136	['hfbi7sk5', '828s0mtz', 'r440fw19', 'zkb1zbvq', '3m39g1xv']
137	['p6uliadr', 'a40yhtqk', '5dgggmv6', 'd6a6nagk', 'tpovr13h']
138	['wk3fh9ke', 'v4c1lgpd', '2zbm4iwn', 'vprj63y2', 'g3hujz5o']
139	['7krl4xlg', 'von13s78', '7uoia564', '2lk2vm5r', 'wpuf4ofo']
140	['5m23wtpi', 'dgkutcie', '7krl4xlg', 'r4j1rcm5', 'yc7cvbii']
141	['of9wlhga', '7as9f1n6', 'iobpcfs5', '06yuz5pn', 'bctb0ewu']
142	['rmyy6fni', 'gbpfypmn', '5gldyo2d', 'nfem3htm', '9n7a9g78']
143	['spohl5ey', '6gj02k04', 'j4pgpxoe', 'mqzus147', 'wa4gt5sy']
144	['tra5ewc5', 'iu4p5k0w', 'i1yf8fgk', 'jjh1z5c6', 'hi4a02kw']
145	['vu1f1hp6', 'b9vm3x3w', 'q58dzxwc', 'krg8jvfz', '5ojyly05']
146	['lm73oj21', 'o8nf7nd0', 'g9r1fdm4', 'x4mgnhbg', '9wnkmn27']
147	['nz976qc6', '186wyg7t', '28lojtvu', '2l883zhe', 'mo23hpe1']
148	['n86w4vkx', 'p42w7vjf', '5t16srpn', 'ml27mexb', '407va85q']
149	['4jjhc5zo', '56rn6d6o', 'jgq968f6', 'il5307pl', 'ky5env7t']
150	['q5f98qzk', 'p6k449j5', 'f4hj35dr', 'mcw3ir3a', '7t7ho26v']
151	['59u9ezr2', 'xl0zb9zj', 'zq6oe8w0', '1zbsbcdd', 'leqluxpl']
152	['5zt4qx4q', 'h13p6ogs', 's0374olh', 'xlscrlc9', 'bsiwkixj']
153	['7s79900j', '1y1ik2u9', '4p6fcy8f', 'tyk4479c', 'ycxyn2a2']
154	['61snvddh', 'n8x0ab22', '1u38iqip', '0bczgiyy', 'ler0t9o0']
155	['dcfqvp4p', 'wqicq5ry', 'p8xpavbg', 'n2kn7o67', 'c2manjgx']
156	['hfbi7sk5', '42i1i6br', '828s0mtz', 'r440fw19', 'mjm2kap6']
157	['xnrb0byz', '8o2xddof', 'belhjr5e', '2l883zhe', 'fub50lvt']
158	['hqapg5ow', 'bfcz49t9', 'eay6qfhz', 'ximw03ej', 'q4aqkr0w']
159	['zcnr1e2f', 'zcxxk9hd', 'ksgdjdh1', 'sydk73uq', '2xzntu5c']
160	['jz6o9gnb', 'onlly1ga', '7esjlc7i', 'lm73oj21', 's0ca1r5s']
161	['2q6qmex3', 'h4kc04w0', 'ezrarusj', 'n9nu5n44', 'fob3kiz4']
162	['r58aohnu', 'mdewdbqs', '9ds4ot1q', 'bfcz49t9', 'o4ri7t16']
163	['1zbsbcdd', '0m76qrz8', '97vl2cfl', '82hqy612', 'ti8hnjgc']
164	['osrqh33g', 'wl2iuup5', 'x5m6u9pg', 'y1vjka66', 'qt3kk30m']
165	['anu3pahh', '93amoypt', 'eauby68p', '1fxb5vru', 'ijp87jav']
166	['2kt35rqn', 'rr0v0ju1', '3o91v72a', 'a68y6qsf', 'f2ypnls4']
167	['2bupc5jh', 'gh9sy7sl', 'gu4mz2vp', '7zdi0y2s', 'mdewdbqs']
168	['qa2pgjvj', 'shad8im4', 'wzz5ioek', 's2jop0z4', 'wi1slkpf']
169	['uxz185vr', 'ny7wkswf', '80cbwj3o', '9nostuqg', '49ejyfie']
170	['qexarxjl', 'mup5hr7e', '4img2we6', '2wco7m0c', '7aaiyppx']
171	['0ojzssli', 'm847xdzk', 's01g5wxg', '2hbcbvt6', 'pzqmg22v']
172	['w2c01295', '9pb2eqoa', '844229sb', 'wn98fql3', 'dhd9e9bn']
173	['9xxv8a2d', 'xd5uhah4', '73b58lcm', '59u9ezr2', 'x14iywtr']
174	['6a728le9', '6qai5sev', 'ge8o93rh', 'ereh4ub8', '44m1nfb7']
175	['gzk9xbzk', 'wr9ko6l5', '4j8b8z4t', '60en5zy7', '0lk8eujq']
176	['asygd3yx', 'wxor6kg3', '164yx77a', 'ksf2tpdw', 'z1onkz6u']
177	['x1uc10m5', 'tl16qf33', 'hjuftxwg', 'xcsl2evz', 'hgg33kwz']
178	['s01g5wxg', 'n5ogyxz7', 'zu5mg2im', '1vj9p7vm', 'yr27lnq8']
179	['v29jmh6s', 'h2sryzwn', '8dh4xvph', 'v4y49n7i', '4hmecfi0']
180	['c7ci5w56', 'z1onkz6u', 'oh5wm5qc', 'gtp5daep', 'hdk02l2r']
181	['y1uk8yfa', 'flqdf8vd', '5nsayxwc', '8xrccucr', '7axeex76']
182	['y0qrxya9', 'yj43g21h', '66mhasjt', 'jj2u35z4', 'uy1xibll']
183	['jwei2g97', '8cd5z4di', '1v8xf5uy', 'jlnopr1j', 'sz072p5o']
184	['9kfs73sr', 'l72grjbg', '2z01f31n', '79xnx9gr', 'mo3y3mau']
185	['hert77y1', '2v6zigt8', '14alhxc3', 'ivy95jpw', 'roe6g61u']
186	['8t5r7ts4', 'dxks8jiv', '7g9fivhc', 'fofw6fmx', '71c9w51t']
187	['7rujn0d3', 'eauby68p', 'b9b6ww9q', '1hi3dr1i', 'qxy2p79x']
188	['ba9uog5m', 'sazglyaz', 'ptnpgh3j', '2ehuuvnx', 'fe14iohb']
189	['rpa2v44v', 'nz976qc6', 'z3o3ib2f', 'ewo6w8jh', 'k5jkntul']
190	['ny7wkswf', 'uxz185vr', 'rtus1qyw', 'nli8ccyv', 'is9a77dk']
191	['hqapg5ow', 'dq3qunwe', 'ximw03ej', 'eay6qfhz', '95e1kuux']
192	['gcsew8u3', 'xre1l41y', 'n719iahl', 'h365e9gx', 'r9yzx0pk']
193	['l9u3c1dg', 'z2jtzsl6', 'm4u4ulml', 'ncfvllzi', 'iyw43izp']
194	['ronhrs29', '3jv5djco', 'o61dn71v', 'wwjeu8ie', 'ayxtpwfg']
195	['z3ktkgyp', 'yxkub54e', 'y3jx6fvj', '64sdgroi', 'ylojjfri']
196	['u22z526l', '0ml57rhr', '1y79i676', 'is9a77dk', 'knlc3bxh']
197	['cbhlzemx', 'vwrhypnl', 's0374olh', 'rfbihylo', 'h26a3h5f']
198	['sgo76prc', '53t1mhnb', 'td8uwcas', 's2vckt2w', 'vwrhypnl']
199	['944pn0k9', '4haf8aaw', 'tvzn0112', 'l4o7nicc', '010vptx3']
200	['9n0sy82w', 'gw9hkw00', 'rr0v0ju1', '8z7wo9kz', '2uy0jjdh']
201	['3kjckx8o', 'fduwznu7', '446p4tbc', 'usi65ft4', 'b3m11ppy']
202	['amw2c96l', '8drlvdkp', 'rcb943w2', 'nvtoxzka', 'tl39u0h9']
203	['y6reys3r', 'roi3lta6', 'hdk02l2r', 'o1xsjx2p', '6j45mmjh']
204	['t3dzso36', 'rb20ge7e', 'q4zuslmp', 'mx30g5w8', '5jlohhmv']
205	['72jwlfqr', '8th933g4', 'x84su3ki', 'fu685z9a', 'u66awao9']
206	['2f7wqamp', '2rx84imv', 'bmmdygbs', 'knbngla3', '607lsqlg']
207	['ujq9mxk7', 'qu7ddcw9', 'h8c8lc0a', 'wh9vvgv2', 'v9366atg']
208	['4zd58eqy', 'uk6whrhz', 'aqutzlx4', 'l4a7y0bz', 'jn68rbvb']
209	['utak6i4e', 'l57v4wnr', 'j4p46aiv', 'd2fc2kw5', 'g0wujywh']
210	['rr0v0ju1', 'urk8aa5b', 'i89fbfea', '7gqkyq1j', '1s6czejn']
211	['go0tueah', 'awn23o8y', 'r5fdn7uz', '33wpjnko', 's6sp3rme']
212	['wigakw9h', 'd4upbc3v', 'ql9cfh1j', 'cn0hqvsz', 'uhtwkkk3']
213	['tgqcnfa0', 'tlfvjcy2', '9xpbwf9c', 'jm4dmnxz', 'f0wzxv39']
214	['37gpov43', 'c8sthkc6', '4u3v4vyu', 'k4ttbbix', 'uv5jctnd']
215	['nli8ccyv', 'dyrn6z9a', '0g3pro4v', 'l6ksaaaj', 'rtus1qyw']
216	['6pruwy09', 'ixhaq0az', 'k7sg7gzd', 'ti5nevfo', 'muiasgwn']
217	['svsib7yj', 'rqnvo9t2', '8dbjycgt', 'nhsci5oh', '0klbjvrj']
218	['08p8ns2d', '7fociv5v', 'ldcim3cw', 't0l6mlm5', '8rvhqd9b']
219	['4yi9iup2', 'yjsxen4d', '7wz030vg', 'pibg1iw7', '1h01ziqb']
220	['1xycng32', 'veeavho5', 's0w95qdn', '2xl0gp1o', 'df65w0lx']
221	['x51jorbm', '1ucs8zu1', '3otvtwbb', 'hf5k04da', '9mn6trtn']
222	['vrs88dcy', 'toj6eqs2', 'f74g59b0', 'h7vqmlq9', 'agpuilt2']
223	['5a5a8ifz', 'obhm5mc5', 'w1jjy29i', 'tkxzhf7c', 'wivk0bm0']
224	['8anqfkmo', '5hei9fac', 'u7d6d8oa', '9mact9br', 'q5wiqpcb']
225	['foy3dsq4', 'wdfzrzkt', '9enbrd6h', '3urmf3ie', 'r1tl2hrk']
226	['qlwergum', 'fmwb9abq', 'dptapovm', 'di45k0dp', '8aosx41e']
227	['36flecmg', 'y12veqre', 'pzqmg22v', 'zu5mg2im', '7wsumadw']
228	['uxz185vr', 'ny7wkswf', 'styavbvi', 'eyhgtpe0', 'jrqlhjsm']
229	['fkbup9qh', 'c8rgn7e9', 'en0obmna', '46no7uq8', '227l4bzl']
230	['1l4o9pko', 'lm73oj21', 'aakzdkcj', 's0ca1r5s', '0qy6hcgp']
231	['fj6l76hq', 'iylmvmv3', 'w3ls1d7w', 'upiu3e2d', 'h7ftu3ax']
232	['egn81atf', 'cjfn4dna', '3lfmmfp2', '6d5tp5hy', 'tf5a48i2']
233	['vvuaegse', 'mc77aqbq', 'deas7kr0', '6ukt0gbn', 'byh09alo']
234	['us518bwp', 'bpnqz1cn', 'ler0t9o0', 'kojb8efv', 'wigakw9h']
235	['u4doukk7', '6t92yhti', 'wu2dyleo', '1fr7j93h', '3p8rdaoj']
236	['5i0m18nt', 'ler0t9o0', 'rqnvo9t2', 'cgl7ne0v', 'osrqh33g']
237	['eeev3k9x', 's2jop0z4', 'oy46vntr', 'ku59o299', '8i9xwogu']
238	['8ko7mmu3', 'mja2qlpk', 'hwg0lthr', 'x9sfgtim', 'ropgq7tr']
239	['tuqp3ngs', 'lz8b60ew', 'jc5ik84m', 'geo7ac5i', '1l10diya']
240	['2xzntu5c', '1vmicejr', 'xi20pdvy', 'w3m884ng', 'lj74054o']
241	['6sgeraws', '40vsmpfv', 'yfbg2n2u', 'erdcvj30', 'doi8buyw']
242	['607lsqlg', 'mnjy6bq2', 'fj6l76hq', '2f7wqamp', '2bupc5jh']
243	['zj0yxy2z', 'plpwjj4s', 'fiiyythk', '3wg6flz0', '9ljou3ag']
244	['xokujzbl', '93y40vnp', 'mzekhyu0', 'vpoqfm7d', '97msfh4l']
245	['x9veckdi', '0hhdwq68', 'qpgvrtee', '2ax0z8r6', 'qfq1nfcn']
246	['6rpm4phy', '1diftm9p', '1pbo1qlb', 'pcekcvwr', '033phqmd']
247	['h7ftu3ax', 'w1bx4a7v', 'fj6l76hq', '844229sb', 'nom4z0tv']
248	['ivy95jpw', 'rh2jrojk', '9wnkmn27', '8o2xddof', '7esjlc7i']
249	['yx0u0iyw', '8vx56qlk', 'xneu8glk', 'whkfvd7l', 'u66awao9']
250	['zp3efdn7', '8uomx7hu', 'aaxhrecp', 'jki3gdxl', '7k3uw04t']
251	['mxg2q1vd', 'zouscolw', 'uoa7ug6f', 'f5d8fazm', 'b0wy5zz4']
252	['kiq6xb6k', 'osct0lj6', 'bakwk4tm', '0xhho1sh', '0zu7r722']
253	['tk7eturq', 'ylvgmdwh', 'tk0iwpnb', 'm7q1roay', 'uctcv9d2']
254	['gvaslwh9', '1peg3502', 'fpexa30s', '8ti6r0eh', 'tffpan0f']
255	['foy3dsq4', 'wdfzrzkt', '3urmf3ie', '9enbrd6h', 'r1tl2hrk']
256	['suqkidrm', 'd44561hh', 'oa81rhdb', '2dixw8up', 'qv1xfrg6']
257	['entkqcn3', '296ilxyg', '0ho4f5wg', '4hmecfi0', 'lrqt2gcw']
258	['ai60maqz', 'fxvro3wl', 'vc6j8ao2', '5zn5mgi9', 'w3d33mq0']
259	['n1q1wr9s', '69wuny3p', '3lfmmfp2', 'umg0ms2i', '9ei6ubx6']
260	['v1ei9im8', '36amafub', 'mg7dfs1r', '8cd5z4di', 'v60ydkm6']
261	['lf6fprh0', 'tljydrnu', '2kt35rqn', '04qjro8w', 'frx9hfxg']
262	['mup5hr7e', '7aaiyppx', 'nles7ymd', 'u95kg3m0', '8vk15klh']
263	['h7ftu3ax', 'oud5ioks', 'ykmg5wdw', 'r4q0zqam', 'j46bet38']
264	['me08w1ir', 'oi8epg9m', 'td8uwcas', '6r4jyop7', '82hqy612']
265	['bf42staf', '0rrhiw9m', '105ezycx', '848jmwgc', 'kd7s0mqd']
266	['qt5qv3zx', '56rn6d6o', 'pdiyqdb3', 'fhxgzm2i', 'b9b6ww9q']
267	['f2ypnls4', '4socpj73', 'cjfn4dna', 'b6lbuvlh', 'lnls2mhg']
268	['lm73oj21', 'nvbt5gxl', 'b7w2n36j', 'nz976qc6', 'vrjibtfi']
269	['q7pieq3w', 'c84lpxrn', '7c0844ui', 'agsu4ptu', 'cv7tb3u1']
270	['onlly1ga', 'nvbt5gxl', 'oud5ioks', 'cqi3r0xz', 'iu5ndsxn']
271	['7zngkwoh', 'y43prnko', '1vcc1khg', 'iylmvmv3', 'ef3warsh']
272	['5tdmh0ac', '2aoyzj2b', '2yrgy2y2', 'leqluxpl', 'n4ildbuc']
273	['59u9ezr2', 'q7pieq3w', 'us518bwp', 'su028g3j', 'atloc9th']
274	['30pl5tx3', 'opjfy3xr', 'wq92nfnd', 'f96qs295', 'qi1henyy']
275	['xqpsdc8u', 'kjr6dcqv', 'w1tdg8bb', 'grccu4kh', 'hsgmg99x']
276	['nxu1xoax', 'onlly1ga', '1l4o9pko', 'aakzdkcj', 'fien6nra']
277	['o1xkgkn1', '1ov3eydq', '3m9yonqe', 'ax3e82js', '5wg2clq7']
278	['u0jddsup', 'te0v91nr', 'o476dtgd', '8ljnxihr', 'hn6clwoj']
279	['yt2fp8zl', 'onlly1ga', 'cq5z8lqu', 'lm73oj21', 'zoipx650']
280	['gruir7aw', 'xcsl2evz', '9f5i6crg', '69fmtury', 'x1uc10m5']
281	['g4hlvnmq', 'dljqpvyk', 'u4ntxo0y', '353wr671', 'ypmeh8y3']
282	['geo7ac5i', 'xcs9podj', 'tlr243il', '65n6p550', '9a27s0zn']
283	['ozbmgd70', '14alhxc3', 'hs2q61gw', 'b3ui95vx', 'qxtcbksp']
284	['u2kjft6q', 'g0wujywh', 'ko42qlzr', 'd1p8zo23', 'b0wy5zz4']
285	['c00jgkpg', 'y88khz62', 'qa6za0yf', 't1rtrbtd', 'rpglw6mm']
286	['6274gicp', '7iuls8x1', '6ajmuuld', 'hapw6lv9', '1hlqov6m']
287	['vjntos25', 'm6svwukk', 'o7qytdl5', '5gq0wqej', 'q1ay1u90']
288	['o6dd2vu1', 'mkgszhkk', 'b88nilfd', 'w1bx4a7v', '9hpkmjvu']
289	['lty6oq3d', 'z9jqbliw', '0oq0xmzr', '7z6e5jhh', 'bv7hvc1e']
290	['t1vom8f3', 't038136e', '0y4f1sgn', '3jnhboif', 'p0jht22m']
291	['nj1p4ehx', 'bw6a5gmy', 'isivkz8b', 'bti9aw8g', 'nvqv99ak']
292	['pw51kd1r', 'y2ezdqhr', 'yn2nnzh8', '8d6vcqr3', 'jt3vjsqe']
293	['f3mvdpq1', 'sgo76prc', '52jtd51o', 'h9nzxlaf', '2qcuygax']
294	['tk0iwpnb', '8aosx41e', 'toy8i1lm', 'qalficgu', '94w1sbsb']
295	['s1h3p5s9', '7wsumadw', 'uohbxoeb', '5lzixulv', '0ojzssli']
296	['7s79900j', 's6kdchlo', '2d2y5gmg', '3kde69wy', '222c1jzv']
297	['yfoqy2id', '55vu6b3u', '550ik6bk', 'n9nh9k40', 'dpt7sh4h']
298	['a40yhtqk', 'x7ybnese', 'hn6clwoj', 'zbi0llig', 'p6uliadr']
299	['lvvw1npq', 'po32j519', 'igm2qr4p', 'kjd2t69f', 'nemkary2']
300	['mnjy6bq2', 'h2sza0if', '2rx84imv', '2f7wqamp', 'xtraspw2']
301	['y43prnko', 'dhd9e9bn', 'ruewzstg', '1otgdo19', 'jcq5omdq']
302	['0ojzssli', 'pzqmg22v', 'th64ca79', '2hbcbvt6', 'isxasd9b']
303	['gunn55f9', 'yzn6jibu', '7kxi7px1', 'scc9wee0', 'l6bnxi40']
304	['ikz8ui8y', 'z77wg8j9', 'yhk50383', '6nt6msrm', 'y9fqa20z']
305	['jveh2w09', 'lgflny84', '6ir39t8h', 'i9nchww2', 'nj94rv6f']
306	['qpzg8lam', 'f6rx4h3r', 'iobpcfs5', '2xl0gp1o', '5s1uj2qi']
307	['te5qq8nd', 'y2bsx8p2', '97msfh4l', 'irgnrr0j', '6lz0kjen']
308	['hbyxy4ln', 'mgwx0u6x', 'oa81rhdb', 'cpfnva0v', 'wbso4fci']
309	['0ojzssli', 'pzqmg22v', '2hbcbvt6', 'zoipx650', 's01g5wxg']
310	['te0v91nr', 'ii3di3dz', '7wsumadw', 'jpenhh92', 'pzqmg22v']
311	['ay7gv9lv', 'nz976qc6', 'u0jddsup', '3t7zln1o', 'ut4d68ti']
312	['8hkxbxz9', 'mwj0xc3q', 'bqdvx458', 'toixg0hy', 'ike8mgh6']
313	['sgo76prc', '52jtd51o', '05vmhjjp', 'ga1fks7l', 'sykjpaz2']
314	['si5mxgrk', 'ez1l3m4o', 'b8c309hj', 'dyxyab5g', 'sjsaw6yv']
315	['dgizpo1z', 't4y1ylb3', '2zu4jjkp', 'ruewzstg', '9mdf927z']
316	['0gier0lu', '7uoia564', 'hcfoj5l1', 'u92vlatc', 'sgiuqs6z']
317	['eztw9tx6', 'zuc538yd', 'kkzahuz9', 'p1ayih2z', 'mpthhazv']
318	['qh6fqna8', '05vmhjjp', 'bvzi49hy', 'n9aqux5a', '4iuxm6z2']
319	['unl3n0tn', 'b97acsgn', '46y1pa7o', '0m76qrz8', 'ydv0hc0m']
320	['tf5a48i2', 'd9egxof5', 'pmd78j61', 'spohl5ey', '1gv3t5t0']
321	['bdb9g77g', 'b0wy5zz4', 'nd5r4yt4', 'jazfyjwl', 'a0rvtsog']
322	['pbhvq1nh', 'fqk8rmiy', 'yvbmbnjw', 'jgs4jszx', 'opckeugf']
323	['4vkkaqhz', '5nr3j1ew', 'e49rdu76', '35xqlryc', '20xgqvxc']
324	['5kz2s7ag', 'h4sbz3md', 'vqlnd5rx', 'eomtjrgc', '5jjoko32']
325	['0y2kq6zg', 'bn22k0p3', 'x5k4sk9s', 'i03mrw1i', 'iff8cuum']
326	['dsfbmhbj', 'y1uk8yfa', 'hqapg5ow', 'gcr0i406', '7objlrqa']
327	['5av8aqb4', 'hunepli1', '47p4g80o', 'ypmeh8y3', 'aakzdkcj']
328	['ylqpkosd', 'nsflghc5', 'unl3n0tn', 'vgmzb03s', 'zsra2yz3']
329	['ihq8gdwj', 'yw5lzibk', 'fbsrggog', 'zhh2c89o', 'rfv0omd6']
330	['3iz0ozpx', 'yxe19kwe', '3p2cuxk0', 'o0yvgmgh', 'zli3t1wx']
331	['10dkpj5h', '3xvphg52', 'gkf3wez8', 'yhyeywvc', '5sfojk7y']
332	['zbi0llig', 'bzeqs5oh', 'a40yhtqk', 'z3o3ib2f', 'rh2jrojk']
333	['hqod7v2l', 'y98m15aq', 'spohl5ey', 'su028g3j', 'f5s0ntps']
334	['q9bwvh0t', 'hunepli1', '9kfs73sr', 'l72grjbg', '7th3d6wk']
335	['iuy5a0bk', 'fz8ohqcb', '9h74xlvv', 'pmd1n2l1', 'gywxvzm6']
336	['0xhho1sh', 'atloc9th', '2s1io2fg', 'kiq6xb6k', '8l1vfsbc']
337	['ax3e82js', '0r580il2', 'r76tqrwz', 'jiunpwz9', 'ultl3rpu']
338	['ocguwlam', 'u1s6ciy4', 'onlly1ga', 'udr22zf7', 'e2rtzymt']
339	['w0ebmg16', 'hqapg5ow', 'w3ls1d7w', 'nr0fu2qb', 'fj6l76hq']
340	['doi8buyw', 't019zx7q', '61brxcg0', 'q04yqjfe', '66j24qm4']
341	['30r8zd0l', 'atloc9th', '9169o29b', 'dgng39yd', 'jgq968f6']
342	['djev6er7', '6d5tp5hy', 'v4pkwd44', 'ksf2tpdw', 'li5cw8xx']
343	['9uxazk87', '1uabldiq', 'i1icueuw', 'hay91kuq', 'dkfohub3']
344	['kajker7i', 'w3jyovd2', 't3wjpagu', 'vkbsxz7r', 'g4nceu64']
345	['18b6ikq3', '5rpd8d0t', 'vpoqfm7d', 'rm6av6sj', 'gw9hkw00']
346	['8ruux4sw', '5yscqct1', 're8fstqw', 'l4o7nicc', '6sgeraws']
347	['wxrv37ec', '1l4o9pko', 'ii3di3dz', 'jpenhh92', 'gh6bizzh']
348	['0iqdqcp6', 'ngywgodg', 'wdfzrzkt', 'foy3dsq4', '05djnz4p']
349	['imheos0p', 'nj1p4ehx', 'edz3up3a', '85jx7i06', '25jq098w']
350	['5yscqct1', 'x51jorbm', '1s8jzzwg', 'fep6qm4d', 'o6dd2vu1']
351	['h1mo3bs8', 'roi3lta6', 'geo7ac5i', 'tlknj4hm', 'w49i0xkz']
352	['ivxvry3u', 'qeqd4soe', 'aakzdkcj', '1l4o9pko', 'd21lvneh']
353	['sm0112e3', 'u31ixcwa', 'o8gdpf0i', 'wmpjfc02', 'jisznsr3']
354	['ximw03ej', 'u8mu4yga', 'w1bx4a7v', 'eay6qfhz', 'h7ftu3ax']
355	['uzc6r1jr', 'ccxnsmia', 'tl16qf33', 'lnnsxwk2', 'entkqcn3']
356	['u20e82de', 'zkdk2v5e', 'ypp1foym', 'wzfvqj6m', 'eipscagh']
357	['8anqfkmo', 'i5j4nmjz', 'n9kf6jgk', 'xwghd9ut', 'xuiswu2l']
358	['clk482qk', 'wl2iuup5', 'wk61uyrt', '7ddw02f7', 'f2ypnls4']
359	['xj1nw76b', 'cfbj6ize', 'a40yhtqk', 'nz976qc6', 'c5fn8t7f']
360	['lq1qndxg', '3z9ubx09', '35nshnn2', 'idlmau69', 'f74g59b0']
361	['bk3ss63e', 'cymppa7g', 'fbsrggog', '34j9n40u', 'gi3vfi68']
362	['pq6c0zia', 'y3c478hf', 'qxy2p79x', '1fxb5vru', 'gcr0i406']
363	['1nqbqmum', 'x0kcrmol', 'ks0zkp57', 'f5ehif2w', 'eza5qh47']
364	['5o9bbspc', 'a7eabvvo', 'ii3di3dz', 'joy8utv1', 'jpenhh92']
365	['ck338ifc', 'td8uwcas', 'wpuf4ofo', 'lbkjxws4', '82hqy612']
366	['hl956i02', 'l8zfuhzk', 'vvmb92wo', 'w2c01295', 'wn98fql3']
367	['iy8pp5ey', 'f6vau5s6', 'feecx1ig', 'i6qoo03c', 'ajzcx2rg']
368	['geo7ac5i', 'oeudi6lr', '41yfx1ev', 'x44oc1k6', 'ay69e8ad']
369	['yt2fp8zl', 'f6nrqr1f', 'isxasd9b', '4bvxj7u3', 'p6uliadr']
370	['5ngmdwgb', 'twlupt3x', 'br0hhzmn', 'hvy73er8', '77bq8tdy']
371	['zdlbsuys', 'o877uul1', 'dfl69g4f', 'qowp861l', 'q92unteg']
372	['t2gxkxxd', 'yt7uqvno', '79sbtnhu', '46y1pa7o', '7omyaap8']
373	['dq3qunwe', '1r9975o8', 'usyduiti', '0clp6zt6', 'wcq3qqt4']
374	['i6u1x0xq', 'uexahhdr', 'p7cbnrji', 'bs5hcx6l', '7gqkyq1j']
375	['8rgpr2lo', 'ohkweon9', 'vbe9ptjq', 'eyxag4xd', 'cgdif7md']
376	['aspn870c', '4qp083h4', 'riltam7g', '8gub6wmy', 'h8tv2u77']
377	['v10454ns', 'td3drkgw', 'zbkx78mm', 'dx2cx9lx', 'mf73oqp6']
378	['auy3c2e0', 'k8vjv3zy', 'xltcax0k', 'fbcu88lv', '6x33a6g6']
379	['1ufwrgc8', 'iez1j9jn', 'nvphu1fm', '94w1sbsb', 'o43e6aid']
380	['fm8koqjd', 'jtgpzrf9', 'dcmlei8z', '7np944lw', 'pu12u627']
381	['o7ww2prj', '0njeeoc3', '8r6hln9b', '33wpjnko', 's6sp3rme']
382	['jp80u828', 'ajlpb9li', '10l6kx3e', 'yrq57wgs', 'nli8ccyv']
383	['b31ctbat', 'vadaxbsr', 'gg2swy7i', 's7sq53zy', 'pm825xn1']
384	['atwx0a2s', 'db8fl9d2', 'cqjkjkt3', 'vgmzb03s', 'gtwg0m54']
385	['06fhiu9q', 'slzh6uay', 'vl7eqzu4', 'ldqy66uh', 'dngs5tbw']
386	['kxx3szjq', 'vw8a1994', 'zouscolw', '2y0sfjv4', 'mxg2q1vd']
387	['q41elfwt', 'w5rk8luy', 'wmeikzxs', 'jdo7afuh', 'k6ensjlf']
388	['1m1hi735', 'vjtwipu9', 'vndj6f7w', 'ttl1ozc6', 'b4161ynv']
389	['53t1mhnb', 'gufhaylj', 'ljlsvc9h', 'tp7wthiv', 'hakbt2zp']
390	['3nxmw97e', 'ogdqq3dl', 'wtqwghon', 's82tyeis', 'pn516wom']
391	['l72grjbg', 'vx1hjh26', 'rwk954dx', '4iuxm6z2', '9xxv8a2d']
392	['35meen0h', '93b2ivio', 'nqahx56j', 'reigmh19', 'lgptgv72']
393	['ql9cfh1j', 'cn0hqvsz', 'l4u01fzk', 'ym5my5st', 'w5rk8luy']
394	['9iz8papc', 'ktv6fk7q', 'rnq3k34m', 'dogsza0f', 'deas7kr0']
395	['5xki1ulf', 'q92unteg', '4pgish5x', 'o877uul1', 'qowp861l']
396	['sts48u9i', 'z7o5vt6p', '582h1w0h', 'ouno4jpl', '0lsniwyv']
397	['xtmn1n0r', 'ropgq7tr', 'x9sfgtim', '844229sb', 'w1bx4a7v']
398	['t3vuwghp', 'fa05sovj', 'ej9qbrt8', 'bb6lv6yg', 'e4xw6gyp']
399	['0m2hqvxj', 'ciwozpc0', 'gg0p6ct8', 'ud8nmm7w', 'z5jbjx59']
400	['bccrvapy', '7objlrqa', '2lk2vm5r', 'iab4qya4', 'ujy4i5uu']
401	['isxasd9b', 'gk3wr6s1', 'mj3gdjxj', 'y420tku1', 'f6nrqr1f']
402	['c4m63cr3', 'a3fvifax', 'tv014ubp', 'ee8bzn2l', 'y8puocsa']
403	['hsimf7wt', 'k457kqlo', '3jfok14h', 'rwk954dx', 'rc5d6wi3']
404	['l9lj98b1', 'bgsbbszf', 'jyxrk9bz', 'd81rq6b9', 'aktcrflj']
405	['vqswp96l', 'prn7t499', 'jlr943nv', 'ec3pmvih', '5nv3ec5l']
406	['h7ftu3ax', 'pdfl15fz', '1zuhilmu', 'dhd9e9bn', 'w1bx4a7v']
407	['0cnjtxyq', 'd06npvro', 'r58aohnu', 'w1bx4a7v', 'a0q61mpi']
408	['9anlwi27', 'h8x5cpz4', 'jer4jwwf', 'pxpghfhq', 'x88qugn9']
409	['uxz185vr', 'ny7wkswf', 'eyhgtpe0', '7015mpuh', 'styavbvi']
410	['wgfdd3lm', 'xi90m4jk', '54aruvbf', 'cj82xu0w', 'dptapovm']
411	['5t4twnpm', 'sjkni2uc', 'iff8cuum', 'ywvk6gu6', '7xb7hj9u']
412	['32v44sw9', 'kfsuiz5t', 'gi3vfi68', 'eo8rbcy2', '1w3x0g42']
413	['fj6l76hq', 'vvmb92wo', '1zuhilmu', 'jb455t9p', 'gtwg0m54']
414	['tij7lakb', 'gepjgw23', 's7z1l3a9', 'zsygn29p', 'cwekmw1a']
415	['1ujphwmi', 'uef0bbh7', 'az9zt5xx', 'koybwabx', '0zu7r722']
416	['hqapg5ow', '0yysikc1', '9qsqj91d', 'vvmb92wo', 'w0ebmg16']
417	['tvzn0112', 'jtwb17u8', 'e85xdrcw', '8uxntauq', 'ukca8cqw']
418	['wbsl6n67', 'yosjlefy', 'extp8epx', 'q1ay1u90', 'bttme4wn']
419	['geo7ac5i', 'tlr243il', '58r5wcwd', '65n6p550', 'xcs9podj']
420	['xwghd9ut', 'n9kf6jgk', 'pa000mr8', 'hnj1jqr1', '0r46eacc']
421	['cr2cute3', '6bgquqa1', 'osh3deg5', 'wt471v5k', 'htitgh0v']
422	['1vcc1khg', 'w3ls1d7w', 'y43prnko', '1aqf98e0', 'ximw03ej']
423	['lfk6e8hy', 'lbd6hn57', 'pxo5uh4w', 'k4ubol2x', 'o71p89nb']
424	['gof2of9o', 'uifnjio5', 'nhkd88yv', 'y2739974', '1peg3502']
425	['myqli11j', 'rv26qfmf', 'o877uul1', 'zz4cczuj', 'mt8h4rk5']
426	['9a27s0zn', 'ay69e8ad', 'oeudi6lr', 'baodjrw2', 'geo7ac5i']
427	['kp4j9snc', 'hltkddac', 'qjfe2t9v', '2mtuw7gb', 'lcqxrcji']
428	['5g02ykhi', '8th933g4', 'rng65ofx', 'tk0iwpnb', 'vhjzjdou']
429	['9phgag8q', 'f0wzxv39', 'l9bswegi', '71ixs3y4', 'adusu6pm']
430	['1gv3t5t0', 'dkfohub3', 'kff7ho04', '3qefts96', 'i1icueuw']
431	['onlly1ga', 'lm73oj21', 's0ca1r5s', 'te0v91nr', 'iu5ndsxn']
432	['7vadpp3d', '0xhho1sh', 'bgn6zrer', 'nbn44sxq', '5xki1ulf']
433	['7y6ok9a2', 'wnlse824', 'g5uu01aa', 'rjelshrp', '868txjrw']
434	['ofw7lnr5', 'm3m2n3fw', '1daa6fte', 'moplus2n', 'ia8rou81']
435	['9qklnvyl', 'du7ba2ky', 'fd4aag2t', 'xiaj8ofb', 'ekej22k3']
436	['h2sza0if', 'w0ebmg16', 'h7ftu3ax', 'qi1henyy', 'hqapg5ow']
437	['ximw03ej', 'iu4p5k0w', 'ofgv3p8y', 'nr0fu2qb', 'ipblyab0']
438	['g5sw7t8x', '5ah2yf59', 'fai1kymu', '24wfokhg', 'eomtjrgc']
439	['fk16k9ts', 'xkmy79p9', '9sv03cqa', 'irk1gxeq', '7auounlr']
440	['hfk8nikl', 'dcli6uaq', 'a40yhtqk', 'oyr4klqk', 'qp34apct']
441	['i1icueuw', 'wdtrpnkn', 'wnm89gfo', 'bnhwbaqj', 'psaq958v']
442	['4p6fcy8f', 'ylqpkosd', 'q7pieq3w', 'jjiiutd5', 'lvw0cnwj']
443	['33znyrn8', 'cymppa7g', 'bk3ss63e', 'r5v2gi3v', '0shy9q2l']
444	['944pn0k9', 'c5be70t6', 'li8kvzdh', '9ud32cvb', 'w3u3vmd6']
445	['toy8i1lm', '94w1sbsb', 'shfkl0bs', 'jvo0nk3w', 'qalficgu']
446	['35nshnn2', '5zaw2iot', 'lq1qndxg', '4iuxm6z2', 'gufhaylj']
447	['wehqqbjx', 'gbgcfa2o', '7b570emm', 'wijqiktk', 'y1nrc138']
448	['6a728le9', 'qbj8n8h6', 'bcttenl4', 'ilnudz0g', 'xvphsdg7']
449	['g9ao6ruo', '2hbcbvt6', 'jisznsr3', 'u31ixcwa', 's01g5wxg']
450	['i1icueuw', 'b0545v23', '7keaoi4d', 'q1qqm9e6', '1uabldiq']
451	['c9o7kbv5', 'awpwbcwt', 'amtk0s0v', 'no7n99cg', 'shfkl0bs']
452	['kt47i60w', 'iu4p5k0w', 'f4jx3b2q', '92z77upt', 'iu1d9i57']
453	['c5be70t6', '121p2shq', 'l9lni5d3', 'li8kvzdh', '65efipbi']
454	['hnx43l5c', 'daj5g788', '2qcuygax', 'xkqajjgw', 'hakbt2zp']
455	['5i0m18nt', 'w3zic0on', 'xf7k56sp', 'x5m6u9pg', 'ler0t9o0']
456	['stn5gl2b', 'b0wy5zz4', 'g0wujywh', '9kq9o5wp', 'yb9uyov3']
457	['ruegzkoo', 'qgwu9fsk', 'uc316ncl', '8z7wo9kz', 'jzosdlu7']
458	['gckr8h1m', 'h8c8lc0a', '1nmzo9at', 'rytzyf1j', 'cj82xu0w']
459	['d4upbc3v', 'tyqeguyf', 'zcvumy78', 'ckorpogz', '9gn4jcu9']
460	['b80todl7', 'gme1zk3n', '4evznllv', 'jhsqrto0', 'ueurvoyh']
461	['apfimvix', 'vww8d1ew', 'r1m709hb', 'lkb09vs8', 'zyrvgaql']
462	['t3b2adct', '9rczqcaz', 'ca3h96bx', 'rzoatp8v', 'p36ilfqj']
463	['svi7syld', 'fq9g84wc', '7s79900j', 'rwgqkow3', 'znpc5jq2']
464	['pruyy200', 'hunepli1', 'y1vjka66', '12yshnt5', 'kqtnv5kd']
465	['tij7lakb', 'gepjgw23', 'cwekmw1a', 'zsygn29p', '1ha9cubv']
466	['ivy95jpw', '14alhxc3', '7esjlc7i', '1ov3eydq', '3m9yonqe']
467	['me08w1ir', 'td8uwcas', '82hqy612', 'dz6nv7h1', 'lfqi7jsa']
468	['ledopkwj', '8tqm4k6k', 's19w1p2i', 'ewf1z1ee', '0bk9jmdu']
469	['j4hnitqx', '3bbiyucq', 'vprj63y2', 's1qnjgev', 'cpuyh6q8']
470	['sdij1d90', 'onlly1ga', 'ml27mexb', '1l4o9pko', 'iu5ndsxn']
471	['od5nnxvg', '4p6fcy8f', 'aawjla6h', 'pc2cnhjd', 'wr4r7jd8']
472	['s2hp3sat', '4p6fcy8f', '0xhho1sh', 'olhgu24h', 'xs7vkm19']
473	['07a30kd9', '99ln2zzs', '0bjl60gl', '0vhy44iq', 'uk6whrhz']
474	['86auifl6', 't93vc14m', 'tsv0rcr3', 'wdfzrzkt', 'h2vct9h5']
475	['ayglihws', 'n2wqalcu', 'tov6uq27', '1a7ugd24', 'dt8h6a0v']
476	['2t1zzigc', '94lc85q5', '57z0g4mq', 'cj82xu0w', 'wt5qxe0j']
477	['ouno4jpl', 'nln6pl3h', 'whnyjf5d', 'hh17xv2g', 'q7vv128t']
478	['p2gzup4w', 's0374olh', 'v4ubd1l6', 'b8c309hj', 'p1ayih2z']
479	['3wg6flz0', 'ajlpb9li', '4frv2vb7', 'p7cbnrji', '2erwhb66']
480	['8cvjsisw', '9wnkmn27', 'lm73oj21', 'te0v91nr', '31idktk7']
481	['n3yuvf8v', '1tmqe3xf', 'iw3wv973', 'wslsqytj', '54aruvbf']
482	['k4ubol2x', 'xi90m4jk', 'j81mq3nr', 'fdkt6moe', 'v4pkwd44']
483	['lgflny84', '3vrg7zyc', '92tvskxw', '1psfiqqj', 'qbj8n8h6']
484	['ovuh3qoh', '7iuls8x1', 'dksw5yzp', 'dx9hez38', '9bhi3rqu']
485	['4kfbs7j4', 'iqe6sdq2', 'yn9qcwvq', 'kd3as3b9', 'lgtpeqhw']
486	['ledopkwj', 'me08w1ir', 'slzh6uay', 'auvehdq5', '1adofojj']
487	['4a7fzrxg', 'd0tg9i90', 'r69ivrej', 'yq6jhupe', 'cvoef8qt']
488	['ngywgodg', 'wh9vvgv2', 'bw6a5gmy', 'nj1p4ehx', 'aifv23fw']
489	['mo23hpe1', '8o2xddof', '1l4o9pko', 'aakzdkcj', 'belhjr5e']
490	['l4o7nicc', 'y6jrt5xh', 'hpbcwiwf', '0n07fow0', 'lmzkseiz']
491	['9195zweg', '6xlk1n4e', '3a5965df', 'njivwikk', 'nhkd88yv']
492	['je585xia', 'be4afbyo', 'gqwwfpch', 's19w1p2i', 'dgng39yd']
493	['yu2qzp18', 's8oq2sj8', '8ko2lc1b', 'bzn7wd36', 'f3k3olld']
494	['68cgub5o', '5al7jmeb', '59u9ezr2', 'n2wqalcu', 'lbxg93hl']
495	['hunepli1', 'c2a07zg0', '5qhc4z2t', 'hgvqjtfa', 'ypmeh8y3']
496	['2tax8ajw', 'k886vcj1', '6xxm7hcs', '5iudn4kq', 'gttuxtw6']
497	['vxavox24', 'j23pvlj9', 'tc1exm56', '6zfpcm4j', '6sgeraws']
498	['yaedocvp', 'faue5ywu', 'b9vm3x3w', 't1ughb9b', '9ok153yl']
499	['x88qugn9', 'm4hwwhux', '7gqkyq1j', 'ow1n47ui', 'rcdoewwv']
500	['14alhxc3', 'wb1apvn2', '95ca9lgf', 'lm73oj21', 't1ho5c9h']
501	['73oe5as9', 'mcw3ir3a', '4gr6i8rf', 'krh63hqp', 'b4dz1lnn']
502	['7wz030vg', '9exmyy5a', '1mx3jrup', 'ml8arkpd', 'o43e6aid']
503	['pzqmg22v', 'zu5mg2im', 'ii3di3dz', 'zoipx650', '0ojzssli']
504	['d4eae8g3', 'jw713e2n', 'gqww6dfm', '6t92yhti', '42wcyjuk']
505	['0gier0lu', '0ockdyh0', '1a5oy6fr', 'kyoa5gsf', 's6u194yd']
506	['u8mu4yga', 'fj6l76hq', 'w1bx4a7v', '1s8jzzwg', 'h7ftu3ax']
507	['7g7sgabs', 'ngywgodg', 'wxor6kg3', '05djnz4p', '9195zweg']
508	['q7vv128t', 'gw9hkw00', 'lvsn38q9', 'wt6azxc1', 'i1icueuw']
509	['g8tckoxj', '85jx7i06', 'wdtrpnkn', 't1ho5c9h', 'nj1p4ehx']
510	['uxz185vr', 'vgffg4c1', '0u14wypb', 'qxwjpv40', '2uy0jjdh']
511	['utak6i4e', 'gxu62u9i', '9jsx2z6e', 'os0sslxc', '9h4zzo5q']
512	['oyr4klqk', 'zbi0llig', 't7xaqtgo', 'a40yhtqk', '5dgggmv6']
513	['jtb71lfd', 'mzekhyu0', '97msfh4l', 'vpoqfm7d', 'xokujzbl']
514	['so6irh9b', 'oi8epg9m', 'rcb943w2', '0pptqw7o', '8drlvdkp']
515	['pvrp8u8n', 's96beqsh', 'wt5qxe0j', '7obhnmah', '1m1hi735']
516	['isk5cu0k', 'nzy970he', 'yn2aylru', 'vda9s8lj', 'n1cg1cba']
517	['i9jrobdb', 'jjgfgqwg', '4dsq1dds', 'ljpeq5aw', 'xsqgrd5l']
518	['onlly1ga', 'lm73oj21', 'jiunpwz9', 'mpkli2xf', '7esjlc7i']
519	['gha1wg4w', 'pxo5uh4w', 'nxrubsrh', 'cpc1yefj', 'tvhn7lnu']
520	['roe6g61u', 'lm73oj21', 'nvbt5gxl', 's0ca1r5s', '1l4o9pko']
521	['fbtyz7tk', 'ldbscq4s', 'yx0u0iyw', 'dgkutcie', 'ws3tfs1j']
522	['j1ucrhd7', 'apfimvix', 'pg69ww3a', 'lkb09vs8', '2tu707ng']
523	['toy8i1lm', '3z9ubx09', 'shfkl0bs', 'sgo76prc', 'ub7ilx98']
524	['g6kag5ij', 'y8i60bm3', 'z7r4n0w7', 'xk2inqjm', '0g3pro4v']
525	['ifovibzi', 'etokw9j7', 'hpj8gb4o', 'tmwt9yd6', 'tki4l0gb']
526	['q7pieq3w', 'v34r4tix', 'c2a07zg0', '5al7jmeb', 'i57f9ayv']
527	['8je46886', '9pb2eqoa', 'w3ls1d7w', 'wn98fql3', 'ximw03ej']
528	['9mact9br', 'hnx213kp', 'i9jrobdb', '4mat0psy', 'yn2aylru']
529	['9169o29b', 'e0pbs354', '7pcnf2iv', '1y1ik2u9', 'jgq968f6']
530	['j67qgjbj', 'u7ao9dwx', '2vs7geu6', 'pfgloqz5', '7s79900j']
531	['1s8jzzwg', 'r58aohnu', 'hl956i02', 'vkr0766i', 'xtmn1n0r']
532	['2dixw8up', '5g02ykhi', '8x3lqokw', 'pfvf8ujb', 'vp2t4xkn']
533	['ocguwlam', '4wbkis5w', 'u1s6ciy4', 'y12veqre', 'plwoof39']
534	['lpoxaetv', 'opckeugf', 'r3w90vg8', 'feohcey3', 'jgs4jszx']
535	['zjur5j95', 'e62t4wrn', '0x3uihto', 'uqmblefe', '2l83gyx5']
536	['cq6mivr9', '6hl6rtsh', '8uxntauq', 'o3bp0837', 'jjgfgqwg']
537	['pdiyqdb3', '9kfs73sr', 'pvshw2pn', 'bctb0ewu', 'il5307pl']
538	['ueb7mjnv', 'yoiq6cgt', 'bwmpamea', '77m4rhrz', 'zueghgx5']
539	['gorp9n1g', 'utgnwox8', 'dwcu6vyp', 'kc6dls2z', 'p10cya94']
540	['5dbuxvc4', 'car394ou', 'q4m2uj6r', 'i6u1x0xq', 'g1o4t8ps']
541	['mi6bdisx', 'q23a5txz', 'c9fg1ni6', 'hws1e4tv', '1vd4j3qc']
542	['qh6fqna8', '3u3i5myh', 'ruewzstg', 'ijzoa0yn', 'a4klrp3h']
543	['0aqww7cz', 'pdd5wepz', 'gvtp8s8b', '3qgwoblb', 'gckr8h1m']
544	['1y79i676', 'xld7ztx5', 'tgrh7ap4', 'u22z526l', 'm9i9gu5g']
545	['1gbq9j88', '49jkx2hc', '9wx4ltyd', '24m4rh9w', 's4cfdgbv']
546	['v7szuzfa', 'vxf2jexb', '1tmqe3xf', 'ydh4ve24', 'kdxoyvsv']
547	['h0spcvjl', '2jdlavwj', 'fxwszm22', 'trrg1mnw', 'hsm75cww']
548	['9f7k0q1h', 'gcsew8u3', '2cq5vpyd', 'x88qugn9', '8bi9owk4']
549	['zu5mg2im', 'm847xdzk', 'nfem3htm', '95zrth5d', 'jpenhh92']
550	['c1k9ubbk', 'vj2z52vg', 'l4o7nicc', 'mvm1t0y7', 'bakwk4tm']
551	['um4v5qr3', 'est5jx7g', 'htn03ms0', '3wk58t5t', 'vjvyjblu']
552	['5d7erbr4', 'rzahax88', '4vtad2ve', 'u89jd28e', '2qcuygax']
553	['vs730te0', '32ut5vr7', 'supf8vel', '33cmymur', '1ha9cubv']
554	['h5xvrtfy', 'y42gcbj0', 'nr0fu2qb', 'gton069r', 'yvbmbnjw']
555	['8dbjycgt', 'vvx3zukm', 'g2bt258c', 'cn0hqvsz', 'ym5my5st']
556	['uto9q6s2', 'qlwergum', 'sjsaw6yv', '7wz030vg', 'wb601nx8']
557	['iz74o9de', 'j0sr3ifq', 'jpenhh92', 'zu5mg2im', 'ii3di3dz']
558	['8f83k2ce', 'sdij1d90', '5o9bbspc', 'tdlcb9bf', 'xshqu7qm']
559	['ebgu29uh', 'hp62t734', 'c3a85ld0', '18b6ikq3', '06fwhyac']
560	['vuxxerob', '4uieqidm', 'dq6iyabh', 'k93izuna', '4ohgr8j7']
561	['ywi0a8s1', 'uliopaz0', 'jo724gaw', 'bshcsfxr', 'kzl1dx8i']
562	['abmrgpbm', 'p7foay4k', 'y1uk8yfa', 'hnj1jqr1', 'p0jht22m']
563	['14alhxc3', '7axeex76', 'cntmsia6', 'ivy95jpw', 'roe6g61u']
564	['9eu792zu', 'e8fhlo37', '213bme3q', 'cplyj4dm', 'ix48o00j']
565	['ny7wkswf', 'uxz185vr', 'tdwkxwod', 'oz047qmf', 'klh90lvp']
566	['ptnpgh3j', 'vrzl7h45', '4ag4oune', 'hwczi82m', 'x4ix852w']
567	['rhnr430g', 'xmd8fh95', '4gxff3rd', 'v5eth1m3', 'li5cw8xx']
568	['1nk1t5qs', 'ze2rkb9z', '6vk9mvv7', 'fhc1qf8d', 'yv5nepnc']
569	['o476dtgd', '5lzixulv', 's4xintwp', '0bh8i14e', 'rlo0sub7']
570	['em2uatlm', 's96beqsh', 'wcq3qqt4', 'ragjcn97', 'w3kkizaq']
571	['ufzjvdho', 'jo489zm2', 'yxkub54e', '5g8u35f8', 'wdfzrzkt']
572	['ai60maqz', 'f74g59b0', 'rm0zbgfm', 'wcq3qqt4', 'n1ysi7qc']
573	['3p31ei4k', '5jrxr2pm', 'levgdr7w', 'f2gsqyv9', 'j1lhgciv']
574	['yvbmbnjw', 'm8dg6l11', 'yx0u0iyw', 'zhh2c89o', '2hfkrl8m']
575	['be4afbyo', 's19w1p2i', 'dgng39yd', 'oywhabcd', 'gqwwfpch']
576	['k2zrdjyo', '6akx6xpt', 'r1m709hb', 'h87bv6gd', '25bdifv6']
577	['lzgwxshi', 'i9jrobdb', '5al7jmeb', 'a7frertc', '164yx77a']
578	['yqx0xqz9', '7e0x1525', 'i2anrjmq', 'v3h2nxpt', '518rjfnc']
579	['sygm6irl', 'dqhdws5k', 'trmwm9qq', '9aw78s63', '3m9yonqe']
580	['yhk50383', 'tzp03hmr', 'u7ligk1k', '6r79qt66', 'jhge9qy5']
581	['q1yn89cq', 'xhkjbeam', 'nh4dw75x', '7fapl71l', 'pppb83nc']
582	['pa81t00f', '8dh4xvph', 's0374olh', '0ho4f5wg', 'hbyxy4ln']
583	['k3vs6vhz', 'vg96f35h', 'fq5nayxt', 'leg5ntvu', '9th61iva']
584	['dlwwcryb', 'zxe95qy9', 'cddya0r7', 'y6zisciu', 'ajlpb9li']
585	['ijzoa0yn', 't4y1ylb3', 'b6bl0xrc', '1w3x0g42', '1nmzo9at']
586	['qub1i1bl', 'xzy98hm3', 'kugpzkyx', 'vpoqfm7d', 'mzekhyu0']
587	['gg5c8v7d', 'uom5r1pf', 'cj267zcl', '8hvve871', 'ikon1ktb']
588	['trqezzj5', 'onlly1ga', 'nvbt5gxl', 'd0s3vl2w', 'fub50lvt']
589	['0qy6hcgp', 'hcw0cisk', 'jz6o9gnb', 'iu5ndsxn', '14alhxc3']
590	['1vcc1khg', 'ximw03ej', 'w1bx4a7v', 'h7ftu3ax', 'o6dd2vu1']
591	['iqe6sdq2', 'yn9qcwvq', 'kgt61kcu', '8nk7pplh', 'dc8z4jzo']
592	['dlpgq0rm', 'mo4luyx6', 'awn23o8y', 'y930bpqt', 'k21ltg5z']
593	['t006jnl5', 'wt6bp8os', '68d30i8k', '4ehxnzc7', 'xthxesgk']
594	['cixdw87l', 'ssicvtv0', 'y30na770', '49ejyfie', '62bob168']
595	['nyvmlxqf', 'jfvq2gfx', '5nr3j1ew', '4vkkaqhz', 'r1m709hb']
596	['8fkzc445', '2zu4jjkp', 'pvrp8u8n', 'ydh4ve24', '8cvjsisw']
597	['w3ls1d7w', 'h7ftu3ax', '1aqf98e0', 'fj6l76hq', 'vvmb92wo']
598	['uxz185vr', 'ny7wkswf', 'tdwkxwod', 'bggera4e', '71x3b75z']
599	['tpovr13h', 'nxu1xoax', 'vwh0roww', 'y4eyse0y', 'rlo0sub7']
600	['11xjl53c', 'k0v1axmd', 'r9yzx0pk', 'avmfz0z7', 'h365e9gx']
601	['vf1vku8s', '95e1kuux', 'nhtrra8s', 'fxvro3wl', 'dq3qunwe']
602	['918wd3ez', 'bn0fegqg', 'e3e48idb', 'fatm351r', 'on6ss822']
603	['z77wg8j9', 'rcdoewwv', '9xxv8a2d', 'zhh2c89o', '1pbo1qlb']
604	['kjf63oug', 'hvp47bm2', 'j6vs6izt', 'roe6g61u', 'lgnhlxgd']
605	['0lk8eujq', 'mzon01fd', 'y7lrp0gc', 'u31ixcwa', 'su41e4vo']
606	['f3swmk24', 'f80cfjrn', 'o3cr0xvm', '1992wisb', 'w0ebmg16']
607	['dhd9e9bn', 'w0ebmg16', '5ojyly05', '0yysikc1', 'gtwg0m54']
608	['di4p48ax', '1peg3502', 'fpexa30s', 'irhizn0b', 'f4hj35dr']
609	['hitaptnp', 'rhgl6vss', '36flecmg', 'bv7hvc1e', '55wqowbq']
610	['x14iywtr', 'i5j4nmjz', '4gxff3rd', '9mdf927z', '78qyuk5x']
611	['f6vau5s6', 'rztwiflt', 'cj7izin2', 'ha5ld7be', '0i12e4tn']
612	['2ierk83o', 'sniabjhu', '7v7pzclb', 'wzyj4y30', 'w7o2r4g1']
613	['ftjrg3dk', 'wd7drbky', 'wcmxmahq', 'mup5hr7e', '7aaiyppx']
614	['mdsjbfmx', 'j1lhgciv', 'fiiyythk', '122yi9np', 'd5w0ecuy']
615	['jrqlhjsm', 'styavbvi', 'is9a77dk', 'bqn29m9k', 'x3q2dgdu']
616	['lx77ln0h', '53zopedx', 'jp3pijw2', 'i6o608fm', 'q44yuued']
617	['pg50i2ql', 'olhgu24h', '1y1ik2u9', '9169o29b', '4p6fcy8f']
618	['1l4o9pko', '9wnkmn27', 'aakzdkcj', '5t16srpn', 'p699a0g2']
619	['ximw03ej', 'fj6l76hq', 'h7ftu3ax', 'w3ls1d7w', '9pb2eqoa']
620	['lt7qsxxh', 'h1sura49', '9avmlz30', 'a242g5kg', 'nxabdur3']
621	['mrsya6wz', 'ge8o93rh', '7mcfehzc', 'i94boetk', 'ip9geldg']
622	['4mlz5w0j', 'y420tku1', '9oui0l6v', 'gg2swy7i', 'joscglfp']
623	['37hn7u3f', 'uw0rrel5', 'puu8wib8', '66mhasjt', 'x9rv72dl']
624	['4vtad2ve', 'u89jd28e', '6a6tyvtz', 'u92ruhjj', 'c2mpraux']
625	['vu8ao4pt', '61snvddh', 'glpca9u0', 'j99cgsjt', 'bxuwx1jj']
626	['gdcqu3nb', 'd19v8qca', 'ks0zkp57', 'hb2lieh3', '3qtxnbb2']
627	['17km3arw', 'uhtwkkk3', 'xmjj1s5s', 'x5m6u9pg', 'nbqne4wp']
628	['cfhu5246', 'm39qdgey', '4vkkaqhz', '4uqgpb0w', 'r1m709hb']
629	['hunepli1', 'ofw7lnr5', '47p4g80o', '8pemlz7a', '2tax8ajw']
630	['feohcey3', '4frv2vb7', '4p6fcy8f', 'atloc9th', 'rwgqkow3']
631	['yj3yisum', 'ls4qfvwq', '7xb7hj9u', 'zbzrxuoh', 'g41pd9uz']
632	['gk3wr6s1', 'ii3di3dz', 'jpenhh92', 'onlly1ga', 'e0pz0z4j']
633	['o6i5ca7h', 'gfb11r1i', 'ckx305ue', 'r9qtzdvk', '4mp1iu55']
634	['s3o9v1fl', 'i9nchww2', '53x6do07', 'ovuh3qoh', 'whkfvd7l']
635	['1s8jzzwg', '0emibwp3', 'nom4z0tv', 'gqwwfpch', '7s79900j']
636	['55lbj72e', 'f64tksb4', 'cxqzo58q', 'dnm7s947', '8mwogx9u']
637	['p699a0g2', 'wk61uyrt', 'pzqmg22v', '0ojzssli', 'n5ogyxz7']
638	['lnls2mhg', 'cjfn4dna', 'xuug2eyn', 'xeb14weg', 'f2ypnls4']
639	['9pb2eqoa', 'w0ebmg16', 'mnjy6bq2', 'x9sfgtim', 'ropgq7tr']
640	['ezrarusj', '2q6qmex3', 'n9nu5n44', '3kk1l0ag', 'h4fo8h90']
641	['zueghgx5', '77m4rhrz', '7cf9oo41', 'lgnaas6s', 'x84su3ki']
642	['9oejm9sc', 'octtj2vf', 'wcq3qqt4', 'ey0r1py7', 'cpbu3fv3']
643	['eflyypev', 'focpnnks', 'nlsv8bin', 'mpe2qs0h', '9btdjktj']
644	['4p6fcy8f', 'mpkli2xf', 'vc0ezpp7', '1jtln8wc', 'vpqwkmlv']
645	['b3ui95vx', 'wrsk5vh9', '059oj76m', '5sauy21h', 'yk2th44f']
646	['4iuxm6z2', 'elycje9y', '8xgp6nhy', 'o3cr0xvm', '1992wisb']
647	['9ljou3ag', 'jgq968f6', '010vptx3', 'p3cxk8gd', 'dpt7sh4h']
648	['0h2x79ye', '5m23wtpi', 'vx1hjh26', 'hi4a02kw', 'w1azm2mc']
649	['2sp8nm0i', 'd7eshkim', '2ojy0mvo', 'l7ekkgy6', 'm8hkj1dm']
650	['iu5ndsxn', 's0ca1r5s', 'roe6g61u', '5ax78ysz', '1l4o9pko']
651	['0rsbmh48', 'ts4cn0qc', 'ovel2jln', 'atwx0a2s', 'hhswage4']
652	['0pcgcbjw', 'xigbp7vh', 'vvmb92wo', 'oi8epg9m', 'l4o7nicc']
653	['uyzalds2', 'ljpeq5aw', '65ois1qn', 'kjl04qy5', 'ds7qon66']
654	['roe6g61u', 'ivy95jpw', 'f6nrqr1f', 's0ca1r5s', 'qci7khki']
655	['tuqp3ngs', 'lz8b60ew', 'egzlstrz', 'qbbwvyn9', 'jc5ik84m']
656	['en0obmna', '208w0eyz', 'p703e396', 'yn2nnzh8', 'lsiy3quw']
657	['pdiyqdb3', 'ewf1z1ee', 'm26xr9qr', 'qtzhfnr6', 'zq9ehv7a']
658	['iu5ndsxn', 'lm73oj21', 'ml27mexb', 'pvrp8u8n', '1l4o9pko']
659	['3nf5bxv3', '0c03fjk5', 'ereh4ub8', 'f6rx4h3r', '5vodag6c']
660	['x5m6u9pg', '4ercv3oy', 'ler0t9o0', 'cn0hqvsz', 'ca9uxrtc']
661	['xeb14weg', 'lnls2mhg', 'f2ypnls4', 'cjfn4dna', 'u66awao9']
662	['a4fj3c5e', 'pmoqdo7i', '3t7zln1o', 'rmyy6fni', 'tq2vdo88']
663	['20xgqvxc', '5iudn4kq', '5nr3j1ew', 'cgnofutd', 'lkb09vs8']
664	['xp2qkk52', 'f97doeoj', 'v056i6g7', '4ttda53p', '9t6du1v5']
665	['gln6e0t4', '5o5go248', 'yadb7gwj', '8bi9owk4', '1h01ziqb']
666	['ntra3jhs', 'ybxuykpz', 'u5rbvc3i', '8ti6r0eh', '05lgp662']
667	['j4p46aiv', 'tn8houmc', 'o9mq3auf', '500ypv61', 'vszlmtf4']
668	['in69fhw9', 'hunepli1', 'g4hlvnmq', '8vx56qlk', '5ojyly05']
669	['r76tqrwz', '0r580il2', 'ax3e82js', 'm0598zrc', '9n7a9g78']
670	['bfm45zas', 'lbrpbhpg', 'xvphsdg7', '46no7uq8', '0o3wjvpx']
671	['fj6l76hq', 'h7ftu3ax', 'ef3warsh', 'ohkki0ke', 'x9sfgtim']
672	['f6li7qil', 'ihlkhh2d', '2rcngljf', '25bdifv6', '6akx6xpt']
673	['sywxrxmf', 'cqi3r0xz', 'roe6g61u', 'jz6o9gnb', '2v6zigt8']
674	['8ko7mmu3', 'mja2qlpk', 'x9sfgtim', 'ropgq7tr', 'hwg0lthr']
675	['k5jkntul', 'wxrv37ec', 'bre2ijbb', '446p4tbc', '0z7ey1nm']
676	['lfo6otkc', '7kxi7px1', 'f1utp08a', 'o877uul1', '4grqkn3u']
677	['b0wy5zz4', 'q23a5txz', 'c9fg1ni6', '855atuue', 'uoa7ug6f']
678	['sxi0tpsf', 'g17lp8ch', 'usyduiti', '8iqs6jko', 'wn98fql3']
679	['52jtd51o', 'sgo76prc', 'qh6fqna8', '7pqy0ejn', 'fu685z9a']
680	['16qdfits', 'okabnt0t', 'm0zvo2tq', 'y8boml8i', 'mru0mcup']
681	['8hkxbxz9', 'p703e396', '630w2rtn', '9kfs73sr', 'ti8hnjgc']
682	['1gbq9j88', '24m4rh9w', '49jkx2hc', 'p4hz992o', 'ng9o0svz']
683	['wjktna81', '6k0nhmg9', '6hkqe14l', 'ijoyk390', 'bcttenl4']
684	['v4y49n7i', '94w1sbsb', 'hbyxy4ln', 'pa81t00f', 'ml8arkpd']
685	['q7pieq3w', 'j1ucrhd7', 'qxxn1zf9', 'nyvmlxqf', 'wtxhbzr9']
686	['me08w1ir', 'lfqi7jsa', '3w5ouagx', '6nt6msrm', 'sgo76prc']
687	['z4cq9klm', '08mfxvql', 'h9nzxlaf', 'ky5env7t', 'y98bleop']
688	['fup55b95', 'vprj63y2', 'jurqttdg', 'wbix36hf', 'y6zisciu']
689	['eo89w6qp', 'ppuki7qn', 'x924tb4t', 'f60z8jo2', 'c9cenvt4']
690	['x996e0cn', 'j7vm8h9t', '3a5965df', '5g8u35f8', '9ex61dl5']
691	['ph7lkuus', 'kp4j9snc', 'vrttjv2b', 'ucmzbezx', 'dddrzkf6']
692	['r7kvv48s', '0iqdqcp6', 'd78zcfls', 'foy3dsq4', 'rrykpl0f']
693	['pcekcvwr', 'ahpkmffy', 'hh37bsfp', '2h3fqcs0', 'yq6jhupe']
694	['k7smwz6w', 'b0dzhsrh', 'h7n8w2k4', 'bc8xa92n', '3xzivp7d']
695	['5nsayxwc', 'cq5z8lqu', 'e0pz0z4j', 'd6a6nagk', '2hbcbvt6']
696	['zecuhkcd', 'h4fo8h90', 'n9nu5n44', '4vq9ljlg', 'fob3kiz4']
697	['h1ncnt2c', 'ay69e8ad', 'ky5env7t', '8wqii0nd', '8nx0ie5k']
698	['qu7ddcw9', 'fu685z9a', 'lby3xhmp', '9tjd7dnp', 'l5ogbl5p']
699	['0pcgcbjw', 'qh6fqna8', 'gw9hkw00', 'wt5qxe0j', 'xneu8glk']
700	['52lf5gzr', '8aosx41e', 'kq6rups8', 'mom4y7cl', '9pei109o']
701	['vrhrc7v6', 'd0s3vl2w', 'belhjr5e', 'dp9x046e', 't038136e']
702	['36flecmg', 'y12veqre', 'pzqmg22v', '1vj9p7vm', 'zu5mg2im']
703	['jtwb17u8', '3yi44xfe', '944pn0k9', 'iobpcfs5', '6wb18u6w']
704	['4unn3fmu', 'g3hujz5o', 'iu6epm2i', 'xk6rp4e7', '1xvj7xq7']
705	['f3j0g82b', 'lsiy3quw', 'sb3y2w6c', 'dica9bqx', '06fwhyac']
706	['9bhi3rqu', '7fua7kgs', 'v8ujnrbi', '3lfmmfp2', '2rqouaol']
707	['1zuhilmu', 'zq9ehv7a', 'wq4jsc4x', 'vdgu6h0a', '56rn6d6o']
708	['ftxgcgkb', 'kiq6xb6k', 'dccymlie', 'c5be70t6', 'iff8cuum']
709	['ivy95jpw', 'd8lx9ffy', 's0ca1r5s', '14alhxc3', 'l97yi8l9']
710	['vndj6f7w', 'f96qs295', 'jjh1z5c6', '2tre0wat', 'w1bx4a7v']
711	['n6lwnct5', 'r7bmtloy', 'uoj3sclr', '4zswxeth', '3m9yonqe']
712	['208w0eyz', 'p703e396', 'en0obmna', 's842zn9l', 'f3j0g82b']
713	['nln6pl3h', 'fm9mdllg', 'in9a3bvi', 'cfkh0ypy', 'ouno4jpl']
714	['tzp03hmr', 'yhk50383', '6xxm7hcs', 'aky3bja0', '4gr6i8rf']
715	['n3swuykg', '5rsxnrdr', 'l0l2ev29', 'y1ob8tcq', 'gvn2v6rt']
716	['s2vckt2w', 'b4161ynv', 'rpjg4a9i', 'pf2wsny3', '2qwv6wzq']
717	['f6i46t3h', 'z3ktkgyp', 'c9cenvt4', 'q7vv128t', 'xnkn38i9']
718	['9mact9br', 'hnx213kp', 'b4hl6fnw', 'um51u84w', '1lggbkly']
719	['f2ypnls4', '1y1ik2u9', '6mx7lurq', 'cwqsbwaj', 'mfop9fne']
720	['dx53hxej', '32ut5vr7', '0neg0ffq', 'tjn8w95o', '56uzzrh8']
721	['lgptgv72', 'cv5th7hd', '93b2ivio', 'o29hjkca', 'u1ilcmm2']
722	['gg5c8v7d', 'ikon1ktb', 'pxhetma5', 'fff0swre', 'nnp6sv19']
723	['ow39tpxn', '2zbm4iwn', 'y4cqgbm2', 'vprj63y2', 'zd8c1no7']
724	['x51jorbm', 'n1ysi7qc', 'qfrenkb6', 'jvog9dpj', '9kf9anqf']
725	['cj3cpn5j', 'xui25c83', '8l5i1z27', 'n9aqux5a', '1adt71pk']
726	['y14lw5b2', 'unl3n0tn', 'l69kwh48', 'xlscrlc9', '1zd3hjpo']
727	['kgt61kcu', 'l4zku2e9', '5wg2clq7', '723l0buc', '8hvve871']
728	['5zp3p2g3', '6akx6xpt', 'supf8vel', '20xgqvxc', '25bdifv6']
729	['8xf8u6bg', '9enbrd6h', 'b1g23kz1', '9lu2stp4', 'ybpev0vi']
730	['1l4o9pko', 'aakzdkcj', '9wnkmn27', 'iu5ndsxn', 'nz976qc6']
731	['xtmn1n0r', '0u4nmrq4', 'liip39ku', 'wbsl6n67', 'ls4qfvwq']
732	['4socpj73', 'qexarxjl', 'a68y6qsf', '9colibhs', '79xw1nof']
733	['g4hlvnmq', 'pb25lrnw', '9uxazk87', 'c8krivoj', 'bh8zshy9']
734	['fjzhe9tp', 'e6miaabh', 'g05z8cux', 'qt5qv3zx', 'tx2dwo04']
735	['35nshnn2', '5zaw2iot', 'lq1qndxg', '3w5ouagx', 'gufhaylj']
736	['1k0qpuys', '5g02ykhi', 'kff7ho04', 'tk0iwpnb', 'yjm6asp5']
737	['egn81atf', 'lnls2mhg', 'grm6kfx7', 'ec13mu0q', 'aefzogn3']
738	['ashxoaav', 'wijqiktk', 's10kzuf1', '0j4z4ez7', 'xui25c83']
739	['iid4bnvw', 'lcl9jn35', 'jeyo5qs9', 'tjhz8bdb', 'tv014ubp']
740	['drto66xt', 'vq9m9m94', 'x64zft78', 'jn1w8h2p', 'ohyvuybc']
741	['ucmzbezx', '0clp6zt6', 'y3vhezw8', '7j2nxop2', 'tpic8ddl']
742	['sgo76prc', 'me08w1ir', 'td8uwcas', 'l4o7nicc', 's2vckt2w']
743	['5y6gjl2t', '4cy3er3y', 'vvuaegse', 'u66awao9', 'y5a9xtr5']
744	['tfpa12kr', 'm5udbs4f', '5oy0q6ca', '80cbwj3o', 'ijdk1nnc']
745	['iu5ndsxn', 'ivy95jpw', 'jz6o9gnb', 'hcw0cisk', '2v6zigt8']
746	['du7ba2ky', '6gxw2mhq', '9qklnvyl', 'kkskmuw3', 'uryptp5a']
747	['y4m987yn', 'y1vjka66', 'lxdcelk1', 'qu7ddcw9', 'k7vjqzx1']
748	['v91sfqt6', '07cica09', 'l2i3aa3k', '92ljfia5', 'od5nnxvg']
749	['vqswp96l', 'prn7t499', 'ec3pmvih', 'hhswage4', '5nv3ec5l']
750	['52lf5gzr', 'umg0ms2i', 'ksf2tpdw', 'gcsew8u3', '71ixs3y4']
751	['oaq5a5i3', 'dq6iyabh', 'ike8mgh6', 'l00jvzth', '3mk8dwf9']
752	['t4y1ylb3', '7a543f7v', 'ruewzstg', 'z6elaxpc', '25jq098w']
753	['r7aqsyfl', 'qa1tbu6t', 'kff7ho04', 'zelsywyu', '6akx6xpt']
754	['ngbnnpni', 'frr4vu0w', 'toy8i1lm', 'iatmjkzk', 'fjuehj70']
755	['ny7wkswf', 'uxz185vr', 'hg3xpej0', 'styavbvi', 'jrqlhjsm']
756	['sxi0tpsf', 'w1bx4a7v', 'ropgq7tr', 'x9sfgtim', 'vvmb92wo']
757	['ka2kyqmk', '52lf5gzr', 'v7szuzfa', '1tmqe3xf', '0klbjvrj']
758	['li8kvzdh', 'c5be70t6', '121p2shq', 'l9lni5d3', 'bk3ss63e']
759	['kd3as3b9', 'nnkul2r2', 'cc23zega', 'p3ytwqeg', 'nfem3htm']
760	['onjgfr4j', '446p4tbc', 'x7ybnese', '8pdlynuo', 'mdmfsclg']
761	['yx0u0iyw', 'aaxhrecp', 'est5jx7g', 'ocl5qf9o', '7jwqm0b2']
762	['gha1wg4w', '7f33cu6l', 'u2kjft6q', 'msovjuk4', 'cabmmgg6']
763	['fnok2eoj', 'uukdrm6y', '2uidarm3', 'rp9opdmd', 'j2t0ofgt']
764	['pzqmg22v', 'y12veqre', '36flecmg', 'zoipx650', '95zrth5d']
765	['dikrttn6', 'byvsuvn0', '6wsa54w2', 'ifgz75ch', 'irhizn0b']
766	['ohfi48d6', 'o7ww2prj', 'j99cgsjt', '26ey3fm8', 'ujq9mxk7']
767	['ximw03ej', 'iylmvmv3', '1vcc1khg', 'jb455t9p', '844229sb']
768	['x11ntaqf', '7o7v0ewg', 'f5ehif2w', 'qlejjw9s', 'mxg2q1vd']
769	['ufzjvdho', 'jo489zm2', '164yx77a', '05djnz4p', 'ngywgodg']
770	['nln6pl3h', '164yx77a', 'u30uz8sk', 'r1tl2hrk', 'd78zcfls']
771	['0shy9q2l', 'wtqwghon', '5nue46dm', 'jveh2w09', '1nk1t5qs']
772	['g3hujz5o', 'duwr9b5b', 'mt72f4dq', 'lvbutmio', 'qowp861l']
773	['l5nncxqo', 'v7ckvxjp', '0jm3j3vc', 'h8ej5w6j', 'ybdgetms']
774	['sgo76prc', '35nshnn2', 'f3mvdpq1', 'la2wvnb0', '05vmhjjp']
775	['8gl323hs', 'hfk8nikl', 'dcli6uaq', 'hnj1jqr1', '0oq0xmzr']
776	['f80cfjrn', 'nr0fu2qb', 'dq3qunwe', 'w0ebmg16', 'qi1henyy']
777	['4p6fcy8f', 'wb1apvn2', '4zswxeth', 'l19nsvun', 'jgq968f6']
778	['95e1kuux', 'dq3qunwe', 'aawjla6h', '1r9975o8', '2bupc5jh']
779	['bzeqs5oh', 'rbgoabfk', '48frs5mc', '2bzq2ayq', 'l97yi8l9']
780	['ttpbs13r', 'fu685z9a', 'q473xazz', 'bnhwbaqj', 'i1icueuw']
781	['vgffg4c1', 'ny7wkswf', '0g3pro4v', 'wfa5fb3r', 'rtus1qyw']
782	['fg9cy17k', '0crs45tt', 'shad8im4', '0qtbhr54', '18f7x2ci']
783	['6r79qt66', 'vmmztj0a', 'ok33bqqg', '1m1hi735', 'aky3bja0']
784	['mkgszhkk', 'fj6l76hq', '30pl5tx3', 'gtwg0m54', 'vvmb92wo']
785	['h8biqqdw', 'zu07vbc4', 'n4kke717', 'r4dgrxel', 'hzbtd39j']
786	['ajqbljai', '8xvqq5eh', 'jxsldz4o', 'd8vo0ncl', 'swaf5pao']
787	['s0w95qdn', 'tvzn0112', 'e85xdrcw', 'iobpcfs5', 'jtwb17u8']
788	['lrqt2gcw', '755ym7vl', 'dyxfsojh', '0ho4f5wg', 'o43e6aid']
789	['58r5wcwd', 'geo7ac5i', 'i3iy8ax9', 'baodjrw2', 'n3xm6c0y']
790	['9svrz0vj', 'bzn7wd36', '4vq9ljlg', 'qv6oxjwd', 'jlrzu0wl']
791	['6j9x3pn5', '7ddw02f7', 'hwpn7ti1', 'gcsew8u3', 'no7n99cg']
792	['3otvtwbb', 'jvog9dpj', 'qfrenkb6', 'jgs4jszx', '8acldtv2']
793	['fw211spn', 'nles7ymd', 'u95kg3m0', '55vu6b3u', 'kkskmuw3']
794	['43ocdbp5', '1315iz0v', '8p0j9nvq', 'bqvn3ceq', 'psghawl0']
795	['dsfbmhbj', 'mqyu72nc', 'x0kcrmol', '855atuue', 'ocxl6cf4']
796	['ximw03ej', 'u8mu4yga', '1vcc1khg', 'w1bx4a7v', 'fj6l76hq']
797	['1gv3t5t0', '353wr671', 'am11yqbf', 'tf5a48i2', 'sni1e160']
798	['w1bx4a7v', '8je46886', 'ohkki0ke', 'h7ftu3ax', 'w3ls1d7w']
799	['hb3wcm04', 's22c9yxp', 'd3530i86', '0eftiyuw', 'n2t35wgn']
800	['x4mgnhbg', '1l4o9pko', 'isxasd9b', '6hhauza0', 'aakzdkcj']
801	['wnm89gfo', '8x3lqokw', 'g4hlvnmq', '5g02ykhi', '2dixw8up']
802	['y4cqgbm2', 'vprj63y2', '5azti19e', 'd5sxycaw', 'tljydrnu']
803	['ub3kjqkv', '4mjrpjit', 'hws1e4tv', 'nosh8awp', 'taz8f384']
804	['ximw03ej', 'vvmb92wo', 'w3ls1d7w', 'w1bx4a7v', 'eay6qfhz']
805	['5esyjt0l', '8mmau2lz', 'tafg1xoo', 'z0p4f7tq', 'tbojvfq6']
806	['2kh4iw8h', 'auiod44t', 'vgvcd02j', 'j41c15mw', 'a242g5kg']
807	['5rsxnrdr', 'r4yukmwe', '57w1iir4', 'rll6asw2', 'gvn2v6rt']
808	['v29jmh6s', 's0374olh', '8twdx4g2', 'cbhlzemx', '5qvtdx0y']
809	['j2t0ofgt', '2xjv2fb6', 'if4c0h8a', 'pvrp8u8n', 'ymv5uhxv']
810	['8aosx41e', 'evf9nz05', 'mom4y7cl', 'kdxoyvsv', '9pei109o']
811	['80dfqjql', 'k9xhphpl', 'jh3yfq4c', 'vpqwkmlv', 'gp3ib74q']
812	['h7ftu3ax', '1s8jzzwg', 'fj6l76hq', 'nom4z0tv', 'mnjy6bq2']
813	['jisznsr3', '195h4ofw', 'hnj1jqr1', 'iz74o9de', 'gdyntyxk']
814	['hunepli1', 'bttme4wn', 'w3zbf5k4', 'n040i865', 'e4xw6gyp']
815	['ngbnnpni', 'frr4vu0w', '1mx3jrup', 'toy8i1lm', 'rytw6rfd']
816	['ybpev0vi', 'ncbjncfx', 'idhbd102', 'w3jyovd2', 'usr8hzcw']
817	['q4m2uj6r', '5dbuxvc4', 'uexahhdr', 'rlo0sub7', 'car394ou']
818	['gruir7aw', 'adh6j7m1', 'dfyshke7', 'v9iq01dc', '4ylmj9ub']
819	['rbgoabfk', '5aev7ltr', 'ze4bvjkt', 'x4zuv4jo', 'j0bu0upi']
820	['8f83k2ce', '8xrccucr', '7axeex76', 'p699a0g2', 'flqdf8vd']
821	['e1macqqm', '9oui0l6v', 'kfn2q7wt', 'i8byjktt', '0fpa1f30']
822	['raw2mt47', 'gg2swy7i', 'p699a0g2', 'sdij1d90', 'y3fagw3t']
823	['eef8mem7', 'prn7t499', '08xv22bc', 'zx9wt8wi', '0qyhjutm']
824	['vge26qe9', 'fm9mdllg', 'x924tb4t', '9p2pzsx0', 'fdkt6moe']
825	['s23d5pns', 'd7tk12u2', 'mt61b7o7', 'jf9whlu7', 'q5ie1v0v']
826	['cymppa7g', 'wtqwghon', 'jveh2w09', 'maj8r6ti', 'fynl88p5']
827	['q7pieq3w', '8gogju5n', '99rg8bok', 'hg1q14gw', '7c0844ui']
828	['zoipx650', '675v58x8', 'o476dtgd', 'zu5mg2im', '0lk8eujq']
829	['dgnddq80', 'su41e4vo', 'ajmelb8a', '4ckob7b0', 'lgnhlxgd']
830	['i3jsvtwp', 'gtp01rna', 'g15tvzn4', '0ygvjgj7', 'wtqwghon']
831	['dyxfsojh', 'utak6i4e', 'u2kjft6q', 'k5jkntul', '8cvjsisw']
832	['v06kyana', 'ohqr1v13', '97vw83zu', '3s3tzfnn', 'akbq0ogs']
833	['8e9f9ssj', 'k1w2wxnu', 'e4xw6gyp', '7tqxng6p', 'iobpcfs5']
834	['g4hlvnmq', '86qczmbt', 'nvbt5gxl', 'pb25lrnw', 'kff7ho04']
835	['j2t0ofgt', '6hhauza0', 'dyxfsojh', 'wtovv1jy', '1ad18z11']
836	['05vmhjjp', 'n311ptne', 'sgo76prc', 'ftxgcgkb', '3mvia5c8']
837	['ofw7lnr5', 'nuu9l5kx', 'hsgmg99x', 'mmr04tsm', 'hunepli1']
838	['qeqd4soe', 'fq5nayxt', 'd21lvneh', 'nvbt5gxl', 'fduwznu7']
839	['gi21di4d', 'wubcq0xx', 'y77rbrnd', '5nr3j1ew', 'hunepli1']
840	['0iy8clcm', 'hh17xv2g', 's1ypdhzv', '550ik6bk', 'whnyjf5d']
841	['xigbp7vh', 'jveh2w09', 'qh6fqna8', '97vl2cfl', 'qgzc1moh']
842	['kupt3km8', 'cvxni7cd', 'nzfpgxa0', 'bcraqemn', 'lj74054o']
843	['roe6g61u', 'sywxrxmf', 'ivy95jpw', '2v6zigt8', 'oqhmvpjm']
844	['k2jzadwq', 'ztxfa5b8', 'ydh4ve24', 't90pvtad', '2dixw8up']
845	['64ugdvfe', '1adt71pk', 'nbn44sxq', 'ybxuykpz', 'w036x5gr']
846	['04vbjlab', 'j5vhny44', 'dyxyab5g', 'a4kjk836', 'ml8arkpd']
847	['6hhauza0', '14alhxc3', 's0ca1r5s', 'y4m987yn', 'y1vjka66']
848	['vbx8khih', 'r4dgrxel', 'zu07vbc4', 'vgmzb03s', '0o3wjvpx']
849	['gk3wr6s1', '36flecmg', 'y12veqre', '2hbcbvt6', 'cq5z8lqu']
850	['dgnddq80', 'f6nrqr1f', 'su41e4vo', 'lgnhlxgd', '4ckob7b0']
851	['r58aohnu', 'mcmqx7og', 'ximw03ej', 'nr0fu2qb', 'h3tor88n']
852	['lclxe7i9', 'tk0iwpnb', 'so6irh9b', 'nrhk8ctf', 'tp7wthiv']
853	['m2id6kxw', 'k8vjv3zy', 'nzy970he', '7ws48kn8', '40ej9jg7']
854	['3ncm8iwb', 'kff7ho04', 'so6irh9b', 'bnhwbaqj', 'rcb943w2']
855	['wgpty5w3', 'yv16olzl', '387spphe', 'khji80nm', 'qv89gci7']
856	['1l4o9pko', 'aakzdkcj', 'onlly1ga', '7esjlc7i', 'd21lvneh']
857	['pm3ck1gk', 'aawjla6h', 'feohcey3', '5q49qq42', 'wr4r7jd8']
858	['8acldtv2', 'opckeugf', 'lpoxaetv', '08bw0h8m', 'wuazkwsi']
859	['ok9o9tta', '10l6kx3e', 'byvsuvn0', 'dyrn6z9a', '1y79i676']
860	['tk0iwpnb', 'tp7wthiv', 'nrhk8ctf', 'lclxe7i9', 'wt5qxe0j']
861	['h2sza0if', '2rx84imv', 'mnjy6bq2', 'xtraspw2', 'zx6m2zgi']
862	['sdtr6yla', 'k0eheo71', 'yc7cvbii', '7mc4dq6p', '0qyhjutm']
863	['9h74xlvv', 'vabb2f26', 'mjvst2is', 'ouvq2wpq', '3l6ipiwk']
864	['0l6ruql9', '59u9ezr2', '8g70j0qw', 'xtnyad3j', 'lbxg93hl']
865	['zuc538yd', 'ygn9oiir', 'ivy95jpw', 'su41e4vo', 'fyyibj9j']
866	['e4xw6gyp', 'vuxxerob', 'akn5hk7p', 'hg1q14gw', '6qai5sev']
867	['wt6azxc1', '0pcgcbjw', 'e4xw6gyp', '3cr97dii', '1iqfm496']
868	['wk61uyrt', 'y1uk8yfa', '5t16srpn', 'raw2mt47', '5nsayxwc']
869	['y12veqre', '0ojzssli', '36flecmg', '2hbcbvt6', '5dgggmv6']
870	['qyj6y9jc', 'qexarxjl', 'wtqwghon', '3o91v72a', 'ajzcx2rg']
871	['wdfzrzkt', 'foy3dsq4', 'wxor6kg3', '05djnz4p', 'r1tl2hrk']
872	['r58aohnu', 'pdiyqdb3', 'd06npvro', 'tz2shoso', 'feohcey3']
873	['dt2pew66', 'wq92nfnd', 'opjfy3xr', 'f96qs295', 'zycgczqy']
874	['1vj9p7vm', 'h13dq0x4', '7lx4w75b', 'th64ca79', '2lk2vm5r']
875	['j0uojajt', '5nsayxwc', 'm847xdzk', '8xrccucr', '9ige2pwd']
876	['dhd9e9bn', '1vcc1khg', 'w3ls1d7w', 'y43prnko', 'vvmb92wo']
877	['g4hlvnmq', 'vmizkujc', '2dixw8up', 'wnm89gfo', 't90pvtad']
878	['6a8j7hjt', 'b870ftnq', 'e49rdu76', 'mcw3ir3a', 'lzsbte0j']
879	['52jtd51o', '0o7rm667', 'daj5g788', 'vwrhypnl', 'vu8hfm1g']
880	['3dconbli', 'eedd2t7x', 'hsm75cww', '2jdlavwj', 'trrg1mnw']
881	['dq3qunwe', '2bupc5jh', 'w0ebmg16', 'x7ffgtrd', 'bfcz49t9']
882	['45y7jepy', 'u1tv6n5s', '6prgaitk', 'xlczcgfy', '8j3bb6zx']
883	['dgnddq80', 'lgnhlxgd', 'su41e4vo', 'f6nrqr1f', 'a7eabvvo']
884	['w3ls1d7w', 'ximw03ej', '8je46886', 'vvmb92wo', 'pdfl15fz']
885	['v6w9mlsa', 'a7frertc', 'v5vwypya', 'ixvtt3g8', 'iff8cuum']
886	['hunepli1', 'ikacd7ls', 'gw9hkw00', '1zuhilmu', 'lvsn38q9']
887	['5o9bbspc', 'tdlcb9bf', 'cp6xu2ox', 't038136e', 'ooagjxp1']
888	['g4hlvnmq', 'dsfbmhbj', 'dkfohub3', 'pb25lrnw', 'hmkqnply']
889	['sgo76prc', 'vwrhypnl', '53t1mhnb', 'qh7biax3', 's2vckt2w']
890	['lsojoa7c', 'r5552ql7', 'l5ogbl5p', 'gqmicba6', 'rjjc30lc']
891	['q44yuued', 'c4ihkcyr', 'i6o608fm', 'm5udbs4f', 'gi3vfi68']
892	['vw3cuiof', '1kubts7j', 'idlmau69', 'cj82xu0w', 'gckr8h1m']
893	['nvphu1fm', 'iez1j9jn', 'wda18u55', 'xzn11n74', 'l19nsvun']
894	['ebgu29uh', 'hp62t734', 'mzekhyu0', 'vpoqfm7d', 'c3a85ld0']
895	['j4pgpxoe', 'spohl5ey', 'nkzweuft', 'ddwrvlc9', 'wa4gt5sy']
896	['4vkkaqhz', 'vprj63y2', 'd5sxycaw', 'osh3deg5', 'zrbesm5b']
897	['bidvx8hy', 'ulmyc9su', '05lgp662', 'd7c6l97j', 'n4hw9cvo']
898	['dfl69g4f', 'a793bgc1', 'xl3519jo', '5u7py7ca', 'mqnqjn0c']
899	['m1bvurwi', 'f5s0ntps', 'y930bpqt', 'z5jbjx59', '0m2hqvxj']
900	['hitaptnp', 'rhgl6vss', 'ay7gv9lv', 'cqv2cv9r', 'cyfdvgvy']
901	['oa81rhdb', 'lrqt2gcw', '3cnmj21f', 'a17tumo7', 'duqgd4gs']
902	['ocxl6cf4', 'ecro0w9n', '1fdnbq1f', 'yb9uyov3', 'm46vdpv6']
903	['4vzdk69c', 'ku5klxq9', 'od0y5ruh', 'nzc9essr', 'uuvtlycz']
904	['0ojzssli', '5dgggmv6', 'y12veqre', '2u5zxc2i', 'pzqmg22v']
905	['yjsxen4d', 'pibg1iw7', '12th7nja', 'trlni6iq', 'x88qugn9']
906	['yr27lnq8', 'ucysxk5c', 'bccrvapy', '3wo90f5u', '7nssge06']
907	['6xxm7hcs', 'vuxxerob', '46no7uq8', 'qcxpmfmq', '2tax8ajw']
908	['c8od88jh', 'gss2lw8m', '18b8thgi', 'pdiyqdb3', 'o7ww2prj']
909	['918wd3ez', 'k1adcls8', 'ipon95io', 'e3e48idb', 's3qkscw7']
910	['j1ucrhd7', 'v8m7cszi', 'wrl7buxr', 'dm6pznm2', '2qwv6wzq']
911	['rytzyf1j', 'a7frertc', 'xd292vld', 'ismkry9r', 'lq580iwg']
912	['uohbxoeb', '0bh8i14e', '186wyg7t', '5lzixulv', 'rpa2v44v']
913	['qnuphz59', 'jwei2g97', 'edr7hrhp', 'dcfqvp4p', 'es8l29ub']
914	['ii3di3dz', 'jpenhh92', 'e0pz0z4j', 'm847xdzk', 'gk3wr6s1']
915	['010vptx3', 'vj2z52vg', 'l4o7nicc', '4p6fcy8f', 'jtwb17u8']
916	['4pgish5x', '08p8ns2d', 'ki93iltt', 'qowp861l', '0loj2fsm']
917	['v5eth1m3', 'iw3wv973', 'mviiowbw', 'ruegzkoo', 'osrqh33g']
918	['7vdd5f4t', 'bqdvx458', '34eot3zh', 'jbpmbm9m', 'm4fcw7lk']
919	['fnedip6k', 'dvpqkmnh', '52qpcg63', 'i6mdlf36', 'n2wqalcu']
920	['9p73l3rw', 'vg96f35h', 'usi65ft4', 'kjd2t69f', '35yl70z8']
921	['apqzyln2', 'rng65ofx', 'ikz8ui8y', 'hnx43l5c', 'y349r3r6']
922	['znpc5jq2', 'lorpo8uk', '32z7b3fp', '8gh3q7p3', 'jekx1czw']
923	['9n7bkayx', 'mlo8zypy', 'ldyumgm9', '4hdj6mtf', '2nj7rn4q']
924	['tu1vevx9', '3huh7iwn', 'k21ltg5z', 'dlpgq0rm', 'mo4luyx6']
925	['sgo76prc', '35nshnn2', 'ga1fks7l', '7pqy0ejn', '3w5ouagx']
926	['bzeqs5oh', 'dt8h6a0v', 'oud5ioks', 'u0jddsup', 'nvbt5gxl']
927	['rcb943w2', 'rda2kmv1', 'i1icueuw', 'ssdqobqb', 'wdtrpnkn']
928	['7lhoq10e', 'hakz1lr3', 'c4m63cr3', 'vx1hjh26', 'wtenvb27']
929	['7ddw02f7', 'pvrp8u8n', 'f5s0ntps', 'hinu974s', 'uj5deryi']
930	['kyt14ufu', 'wslsqytj', 'n3yuvf8v', 'iw3wv973', '54aruvbf']
931	['tnejo5wc', 'mdsjbfmx', 'j1lhgciv', 'fiiyythk', 'rtp9j01c']
932	['pj7no3fe', 'pbb9nrba', 'dyxyab5g', 'myeiu66g', 'lme6vcqs']
933	['64qt0w2a', '06yuz5pn', '4bbapd1t', '3bwqbe5n', '9xxv8a2d']
934	['ir20eiqr', 'nfx86mkj', 'jn2omyez', 'p42w7vjf', 'if4c0h8a']
935	['pa81t00f', 'aj7rwpbn', 'hbyxy4ln', '94w1sbsb', 'iez1j9jn']
936	['ekgqdjlk', 'd0nacth6', '4rzogopt', 'ko8lyoob', 'usi65ft4']
937	['z22g03v4', 'zu5mg2im', 'sm0112e3', '0lk8eujq', 'zqzs6vtf']
938	['3kng7qea', '1zbsbcdd', 'd3530i86', 'apqzyln2', 'lzsbte0j']
939	['zqzs6vtf', 's0ca1r5s', 'tq2vdo88', 'onlly1ga', 'lm73oj21']
940	['gtp01rna', '6j45mmjh', 'xvphsdg7', '1w3x0g42', 'ba5h6uhu']
941	['uka69z83', '4py6l839', 'wvfw94n1', 'usr8hzcw', 'zqqp22y7']
942	['n5c0hcwn', 'q77tr31d', 't1ughb9b', 'wslsqytj', 'vxf2jexb']
943	['ro3o27pv', 'ws7lp560', 'oz1dkdu7', '7fe2vdm7', '611ih9pl']
944	['nxu1xoax', 'onlly1ga', 'aakzdkcj', '1l4o9pko', 'zqzs6vtf']
945	['0u4nmrq4', 'rckwiqgb', 'jazfyjwl', '500ypv61', 'hzn3qus3']
946	['xigbp7vh', 'wt6azxc1', '1hlqov6m', 'bh8zshy9', 't90pvtad']
947	['tadojzoj', 'a3efmczu', '8s9l69gb', 'ihgxtu8g', 'ovuh3qoh']
948	['7qxs79qy', 'edx9z9oi', 'yfpioqi5', 'jc26e39s', 'npd9wz3u']
949	['65efipbi', 'e7uvbra5', 'c5be70t6', '121p2shq', 'b4yj7vw0']
950	['o8nf7nd0', 'wf72fra8', 'nnp6sv19', 'm22h669g', 'ikon1ktb']
951	['xcsl2evz', 'mw0wb8a8', 'j99cgsjt', '29ph2eai', 'dnxhtbxn']
952	['ruewzstg', 't4y1ylb3', '7a543f7v', '7wu8bfo4', 'q6ypq90z']
953	['00ia8k0b', 'ix0xi5jb', '82y56t7d', '5hxsagx6', 'nksd3wuw']
954	['pa000mr8', 'gw9hkw00', 'y3vhezw8', 'd6a6nagk', '1ik8lrid']
955	['w1bx4a7v', 'f96qs295', 'e4xw6gyp', 'fj6l76hq', 'fu685z9a']
956	['5aev7ltr', 'bv7hvc1e', 'b5yrfllu', 'pxo11hwp', 'x4zuv4jo']
957	['dyxfsojh', 'zpqgz95r', 'xavegbty', 'kt1az1pf', 'w3u3vmd6']
958	['auvehdq5', 'hunepli1', 'b0wy5zz4', 'cwekmw1a', '02p4et0u']
959	['zbi0llig', 'hn6clwoj', 'bzeqs5oh', 'embn75dc', '3t7zln1o']
960	['fu685z9a', 'jfvq2gfx', '4pyx0xps', 'vmmwtdia', 'qh6fqna8']
961	['vuxxerob', '46no7uq8', 'uitc2tru', '5xfgmi2n', 'fdsaajpy']
962	['8vx56qlk', 'dny9rgv9', 'v5yny0dw', 'wijqiktk', 'rcrok8lr']
963	['iu4p5k0w', 'wcq3qqt4', 'r2hovw0y', 'xtnyad3j', 'ey0r1py7']
964	['zq6oe8w0', 'am2rrgrb', '17km3arw', 'c5be70t6', '121p2shq']
965	['nnkul2r2', 'g0za5fqi', '8s7zy55f', '9tvjfgtn', 'h13dq0x4']
966	['bpu3hpbn', 'vymre7uv', '2ojy0mvo', 'qfq1nfcn', 'k93izuna']
967	['mncip6jj', 'h9i67wbp', '8jbisapd', '08mfxvql', 'c9fg1ni6']
968	['xavegbty', 'wun5rwsk', 't023li1a', 'lfqi7jsa', 'kt1az1pf']
969	['rlo0sub7', 'lehzj4d8', 'aqutzlx4', 'jowowl0v', 'rp9opdmd']
970	['ej9qbrt8', 'aky3bja0', '4hog76lx', '4gr6i8rf', '6r79qt66']
971	['08u566ia', 'ihgxtu8g', 'agvrw27o', 'psk1lnff', '3c1fujrd']
972	['2scp98u0', 'vxv7pq8v', 'mbam5s7p', '05vmhjjp', '8anqfkmo']
973	['3l6ipiwk', '71c9w51t', 'y6reys3r', 'mjvst2is', 'xl0zb9zj']
974	['zbr3kfv2', 'rxx0w56j', '8rvhqd9b', 'tfb1ve2p', 'lbrvo18o']
975	['hb2lieh3', 'ciwozpc0', 'f1utp08a', '3o91v72a', '1yvsae2q']
976	['0ho4f5wg', '9exmyy5a', 'qun2lfcv', 'oa81rhdb', 'irhizn0b']
977	['7qz1o6aa', 'i6mdlf36', 'tz2d3lff', 'toy8i1lm', 'lhx0it2z']
978	['8o2xddof', 'xnrb0byz', 'fub50lvt', 'acyexmyq', 'mo23hpe1']
979	['sgo76prc', 'stn5gl2b', '05vmhjjp', '35nshnn2', '5zaw2iot']
980	['otp1atui', 'iimx8nt8', '36flecmg', 'zoipx650', 'y12veqre']
981	['eyhtf6mv', '1vj9p7vm', 'iz74o9de', 'pzqmg22v', 'n5ogyxz7']
982	['0crs45tt', 'pf2wsny3', 'eq5qqshb', 'wtxhbzr9', '5nxcmedx']
983	['del20ax2', 'tmnfcs7r', 'wedh0kvs', 'oxtvcoi9', 'tra5ewc5']
984	['5zhjn3u2', 'rytzyf1j', 'ogchq8gz', '353wr671', 'mu2vqjnv']
985	['q5ie1v0v', '5fg1keua', 'ia8rou81', '4u3v4vyu', '5j1pce5e']
986	['y6reys3r', 'p7rpfsph', 'slzh6uay', '3l6ipiwk', '5a0yyowv']
987	['auvehdq5', 'dyxfsojh', 'thvhvf4t', 'zycgczqy', 'pg0l92zb']
988	['usr8hzcw', '8p81kc9z', 'akdg2ljo', 'raz9veem', 'tat66vxm']
989	['9195zweg', 'nhkd88yv', 'njivwikk', 'gof2of9o', 'e56ivoz7']
990	['8acldtv2', '1y1ik2u9', 'cqz8ar83', 'fhcipjzu', 'wuazkwsi']
991	['mzekhyu0', 'lwpvyy49', 'vz8eu3vc', '97msfh4l', 'rm6av6sj']
992	['jcq5omdq', 'nmdlet38', 'pvrh2mqa', 'dij3wy6q', 'gk3wr6s1']
993	['3p2cuxk0', 'lh82rl24', 'bqvn3ceq', '7auhiq44', '1f6kq8co']
994	['b88nilfd', '0clp6zt6', 'gtwg0m54', '1s8jzzwg', 'w1bx4a7v']
995	['13vixukm', 'bgr4h7kn', 'pjllicm7', 'trpy9bbq', 'faxm9rhz']
996	['so6irh9b', 'lclxe7i9', 'tp7wthiv', 'u2kjft6q', '8drlvdkp']
997	['kgggepu0', 'pfh6nm9r', 'cabmmgg6', '1vd4j3qc', '3cr97dii']
998	['jisznsr3', 'zu5mg2im', '8zm7n7j9', 'p699a0g2', 'zoipx650']
999	['tloczjn5', 'g8tckoxj', 'cwqsbwaj', '3p2cuxk0', 'pcekcvwr']
1000	['w1tdg8bb', 'kjd2t69f', 'n5c0hcwn', 'rfbihylo', 'fk62t9ym']
1001	['j8666ial', 'p40x3cxr', 'i513q4l4', '8cd5z4di', 'a27vtdb6']
1002	['6akx6xpt', '5iudn4kq', '5nr3j1ew', 'qfrabyp7', 'z71bquck']
1003	['55yxh5er', 'yj25zkx6', 'h00mbgsq', 'aqcllik0', 'kxdfnykd']
1004	['74o2xil2', 's01g5wxg', 'eapwqsrc', 'relolneg', 'qlng0zvn']
1005	['viubj28a', '9wx4ltyd', 's4cfdgbv', '7v7pzclb', 'ulwirxeu']
1006	['b4mjo92p', 'plzklj7c', 'l63d9lyd', 'cwdtyr1v', 'y6reys3r']
1007	['1z1tces3', '56uzzrh8', 'eo1uz3g2', '33cmymur', 'vprj63y2']
1008	['65efipbi', 'e7uvbra5', 'c5be70t6', '121p2shq', 'b4yj7vw0']
1009	['54aruvbf', 'o43e6aid', 'ksvw62gl', '5vx2ylui', '8gub6wmy']
1010	['vxf2jexb', 'so6irh9b', 'uj5deryi', '0pptqw7o', 'rcb943w2']
1011	['2w80hys9', '24ie3mhq', 'cv6no7nw', '0bdi3yxk', 'd5sxycaw']
1012	['baodjrw2', 'xcs9podj', 'sf073cmj', '3qtxnbb2', 'geo7ac5i']
1013	['9dlaaye8', 'l7ekkgy6', 'o6dd2vu1', 'w4dyadpa', 'yslf5er3']
1014	['juofmvz2', 'd0s3vl2w', 'nvbt5gxl', 'z68tl88x', 'w3gt0w41']
1015	['9pei109o', 'asygd3yx', 'isivkz8b', 'edz3up3a', 'avmfz0z7']
1016	['gtwg0m54', 'uuxo3jk9', 'dhd9e9bn', 'e4xw6gyp', 'hwg0lthr']
1017	['gw9hkw00', 'ypmeh8y3', 'hgvqjtfa', 'k2jzadwq', 'rb20ge7e']
1018	['uxz185vr', 'hg3xpej0', '7015mpuh', 'is9a77dk', 'ny7wkswf']
1019	['acyexmyq', '8o2xddof', '7wsumadw', 'nvebqwwh', '5ax78ysz']
1020	['c5zi5rzz', 'texmsvyt', '6wb18u6w', 'lsojoa7c', 'bqdvx458']
1021	['2v6zigt8', 'd8lx9ffy', 'iu5ndsxn', 'sywxrxmf', 'roe6g61u']
1022	['7ru6tapp', 'b6lq0aue', 'b4161ynv', '1fx7x8af', 'tdxrx9se']
1023	['soa71kwx', '6pn9jwfn', 'r6gzbnu2', 'vmmztj0a', 'noale9n1']
1024	['h6b8xuvs', 'zoipx650', 'zh8wzza5', 'c2mpraux', '7twi1z5b']
1025	['46r46ja3', 'npe81wc8', '611ih9pl', '3ybiysp4', 'g99myvw1']
1026	['2fyo2q4n', 'ga1fks7l', 'sgo76prc', '7pqy0ejn', 'cj82xu0w']
1027	['gtol0evh', 'eq5qqshb', 'wtxhbzr9', 'e9ntnp5r', 'ug239kup']
1028	['ximw03ej', 'w3ls1d7w', '1vcc1khg', 'y43prnko', 'e1mnj7bf']
1029	['rfbihylo', 'fk62t9ym', 's0374olh', 'ymhg8mon', 'g9pwxfd2']
1030	['1s8jzzwg', 'dhd9e9bn', 'yrowv62k', 'hqapg5ow', 'ximw03ej']
1031	['e1macqqm', '9oui0l6v', 'su41e4vo', 'yidait6a', '7jwqm0b2']
1032	['fx2ikn2t', 'du58xx7k', 'fjzhe9tp', '0iy8clcm', 'wtxxtlzi']
1033	['nerxtetr', 's8nx7wim', 'qhrwngde', 'e9xx6mhg', '5jl2whuu']
1034	['9hpkmjvu', '7s79900j', 'jk37ej4c', 'nwb7qf9l', 'inmof3qg']
1035	['d8gx7xbj', '38d140wp', '3qtxnbb2', '48ay8yl3', '4pfzwcjt']
1036	['vszlmtf4', 'xi17qo6z', '6aku7ghk', 'uliopaz0', '2hbcbvt6']
1037	['0loj2fsm', 'ki93iltt', 'qowp861l', '2s1io2fg', 'cwqsbwaj']
1038	['yt2fp8zl', 'lm73oj21', 'zoipx650', 'onlly1ga', 'gk3wr6s1']
1039	['zpv5f8pr', 'n1cg1cba', 'e7ud2rrq', 'o9xdv4x0', 'ds7qon66']
1040	['x4zcpr02', 'a94at9dk', 'dddrzkf6', 'fk62t9ym', 'fduwznu7']
1041	['iff8cuum', 'i9jrobdb', 'ewf1z1ee', 'l4o7nicc', 'eu2vjpw9']
1042	['b2fwktld', 'm2id6kxw', 'fa05sovj', '8ztv34hs', 'urj0nssb']
1043	['xp2qkk52', '3rxis57m', 'mx534xbx', 'xneu8glk', '0pcgcbjw']
1044	['gtbegs4r', 'styavbvi', 'wfa5fb3r', 'u22z526l', '80cbwj3o']
1045	['pzqmg22v', 'zoipx650', 'iz74o9de', 'n5ogyxz7', 'zu5mg2im']
1046	['k4ubol2x', 'v4pkwd44', 'v0y734lu', 'xlscrlc9', 'xi90m4jk']
1047	['v5beddu4', '9e6g15iw', 'b4mjo92p', 'l63d9lyd', 'k36t200n']
1048	['ny7wkswf', 'uxz185vr', '80cbwj3o', 'styavbvi', 'krtqq8uo']
1049	['dhd9e9bn', 'vvmb92wo', 'fj6l76hq', 'w0ebmg16', 'umvrwgaw']
1050	['b2iit1ef', 'wwgx9qip', '387spphe', 'mjm2kap6', '828s0mtz']
1051	['cjmmwl2q', '8tqm4k6k', 'ewf1z1ee', '0igh53pl', 'ncayc5zj']
1052	['qe8mxow7', 'niw61l9r', 'oyplh9cn', '78qsuc5l', 'yrq57wgs']
1053	['hxpqexi1', 'jfjxujwj', 'd6qr2abi', '7s79900j', '7th3d6wk']
1054	['9n7a9g78', 'quhnesbr', '5gldyo2d', 'gbpfypmn', 'udr22zf7']
1055	['t0s5ufzv', 'k0eheo71', 'sdtr6yla', 'zu5mg2im', 'uppeztta']
1056	['cqv2cv9r', 'rhgl6vss', 'hitaptnp', 'oud5ioks', 'ay7gv9lv']
1057	['qcssljgq', '1l10diya', '3jolt83r', 'tuqp3ngs', '7pbrnn2g']
1058	['r5v2gi3v', '4bbapd1t', 'e4xw6gyp', '7zshbsww', 'eywnnzxe']
1059	['38d6gb7o', 'eje3i558', 'fcb8egak', 'uuy94dwa', 'mhj9o5z5']
1060	['4pcv1i3i', 'p5ceve0x', 'b0qj7tck', 's3eo0ze4', 'l8bs2km2']
1061	['y43prnko', '1vcc1khg', 'w3ls1d7w', '7zngkwoh', '9pb2eqoa']
1062	['25jq098w', 't4y1ylb3', 'q7vv128t', 'lzsbte0j', 'cj3cpn5j']
1063	['keaxietu', '9gqonmf5', 'dhy80rkn', 'uitc2tru', 'lzwgyzdp']
1064	['24u6q3ae', 'imheos0p', 'edz3up3a', 'wdfzrzkt', '914oafkn']
1065	['s23d5pns', 'jdob76wp', 'cmp1bvhd', 'ffy19pp9', 'gat4jwsu']
1066	['0bczgiyy', 'uyy8zytj', 'us518bwp', 'ksbha7kz', '5al7jmeb']
1067	['gk3wr6s1', '34ulkvl4', 'l72grjbg', '4p6fcy8f', '7esjlc7i']
1068	['xchvlphf', '56rn6d6o', '0bk9jmdu', 'l4o7nicc', 'k9xhphpl']
1069	['lhx0it2z', 'toy8i1lm', 'ur3qbq7t', 'wt5qxe0j', '9k0haiw0']
1070	['fep6qm4d', 'a2voobqa', 'x51jorbm', 'f4jx3b2q', 'ximw03ej']
1071	['unhrmzn5', 'qdmkx03t', 'dpws8p4y', '4ylt5rhg', 'qp8jxcdl']
1072	['u89jd28e', 'vw3cuiof', '80cbwj3o', '8vdknrdv', '8rn7q32f']
1073	['ogchq8gz', 'tljydrnu', '353wr671', 'irhizn0b', 'gk1avld0']
1074	['qalficgu', 'cpfnva0v', 'gnhvvpn6', 'pj7no3fe', '57z0g4mq']
1075	['aclcbxkd', '21qgukm1', '3swdnn29', 'g0cgjlok', 'pfbgojxr']
1076	['1v8xf5uy', 'vh3qs9xv', 'dcfqvp4p', 'hdk02l2r', '28wn23nl']
1077	['25aj8rj5', 'kb3xi0fk', '9enbrd6h', 'lavcsqov', '8xf8u6bg']
1078	['8a8eheip', 'xwkdz2jm', '446p4tbc', 'su41e4vo', 'pm825xn1']
1079	['qxxn1zf9', 'ntxufeg5', 'lkb09vs8', 'ex6ktyl6', 'pf2wsny3']
1080	['ql9cfh1j', '10l6kx3e', 'cn0hqvsz', 'is9a77dk', 'u22z526l']
1081	['rob84q03', 'z18owc90', '22b3rl2s', 'rqnvo9t2', 'tve01g7i']
1082	['w9zyshzb', 'nkzweuft', 'tsyl7crt', '1wkpkh84', '3qefts96']
1083	['igm2qr4p', 'w1tdg8bb', 'leokcqqy', 'lvvw1npq', 'vg96f35h']
1084	['vg7dvptg', 'nd859o5r', '2q6qmex3', '8d0p6qpc', 'c2pxokv4']
1085	['isniqv6b', 'ylqpkosd', '55vu6b3u', 'a7frertc', '56rn6d6o']
1086	['me08w1ir', '6ir39t8h', '82hqy612', 'ovuh3qoh', 'yx0u0iyw']
1087	['9h4zzo5q', '855atuue', 'dsfbmhbj', 'y349r3r6', 'ub7ilx98']
1088	['61snvddh', 'ip9geldg', '9mact9br', '5hei9fac', 'dt8h6a0v']
1089	['vbayngh0', 'l19nsvun', 'rv26qfmf', '0vhy44iq', 'myeiu66g']
1090	['nbqukjzv', '7kxi7px1', 'gunn55f9', '60sbhzfs', '9mdf927z']
1091	['xof56j98', '2l883zhe', 'nvebqwwh', 't1vom8f3', 'p8z1oeep']
1092	['gtwg0m54', 'dhd9e9bn', 'vvmb92wo', '7zdi0y2s', 'ximw03ej']
1093	['th64ca79', 'xshqu7qm', '0ojzssli', 'y1uk8yfa', '5nsayxwc']
1094	['t2gbeb3c', 'rqnvo9t2', '582ld85p', '0klbjvrj', '4zxfghz3']
1095	['jisznsr3', '8zm7n7j9', '0ojzssli', 'xshqu7qm', '2hbcbvt6']
1096	['mxg2q1vd', 'qlejjw9s', 'geo7ac5i', 'dksw5yzp', 'jqwoxfsc']
1097	['zvmwubuk', 'v53e7anq', 'jihyavm1', '8hvve871', 'pindjvhk']
1098	['ai60maqz', 'f6l0hwyw', '7xx57cwo', 'ey0r1py7', 'ohkki0ke']
1099	['aqke0012', 'kl2w6yiv', '1f6kq8co', '8wpfjxci', 'htitgh0v']
1100	['4gof1yl8', 'ivxvry3u', '1l4o9pko', '8co5gwkz', 'xnrb0byz']
1101	['9uxazk87', '8hz4go45', 'g4hlvnmq', 'j7ltjn4k', '1uabldiq']
1102	['u8mu4yga', 'ropgq7tr', 'x9sfgtim', 'iu1d9i57', 'w2c01295']
1103	['km2uxj9p', 'x7ybnese', 'sikgdopk', '446p4tbc', '3xasnxwq']
1104	['sgo76prc', '3w5ouagx', 'haxdc30r', 'ga1fks7l', '7pqy0ejn']
1105	['2q6qmex3', 'nvbt5gxl', 'b3ui95vx', 's01g5wxg', 'ir20eiqr']
1106	['unl3n0tn', 'w2c01295', 'wdvuweiq', '1s8jzzwg', 'a0q61mpi']
1107	['hzv51czu', 'o7ww2prj', 'x1uc10m5', 'ccxnsmia', 'ag7c2mhx']
1108	['td8uwcas', 'me08w1ir', '6nt6msrm', '5ogges89', '3w5ouagx']
1109	['5ckds66x', 'jj2baaph', 'efox6z5q', '8rv94jeu', 'plpwjj4s']
1110	['2sp8nm0i', 'p9qeaedh', 'hg1q14gw', 'wfa5fb3r', 'ldv3m4jr']
1111	['x9sfgtim', 'ropgq7tr', 'f96qs295', 'zue5hnal', 'xtmn1n0r']
1112	['36flecmg', 'gk3wr6s1', 's01g5wxg', '6buxpp8x', 'wk61uyrt']
1113	['dksw5yzp', 'j3avpu1y', 'g4250q6l', 'mg7dfs1r', 'faxm9rhz']
1114	['mxg2q1vd', '6l3coibe', 'ko42qlzr', 'zsygn29p', 'u2kjft6q']
1115	['2iupb6gj', '1y79i676', 'j8d47de9', 'xld7ztx5', '62xdiz68']
1116	['12yshnt5', 'f4x16qyh', 'lclxe7i9', '8p0xdqba', '6bwd99d9']
1117	['4vuucmfd', 'me08w1ir', 'supf8vel', 'o3cr0xvm', '1992wisb']
1118	['rlr17nah', 'lvvw1npq', '6fpw6y8t', 'gi3vfi68', '0shy9q2l']
1119	['p3dex2to', 'xwu1gdak', 'ledopkwj', 'okh5z7m1', '89n52jny']
1120	['uxz185vr', 'ny7wkswf', 'q5veu992', 'eyhgtpe0', 'gtbegs4r']
1121	['uu883ofc', '7axeex76', '1fgnfh62', 'ygn9oiir', 'qci7khki']
1122	['7axeex76', '8f83k2ce', 'm847xdzk', 'isxasd9b', '8jejswuk']
1123	['am2rrgrb', '08bw0h8m', 'osct0lj6', 'vaeh5z4z', '46y1pa7o']
1124	['ji3s6rnu', 'jvood8ur', 'q91h510l', 'ksgdjdh1', 'zn28xy7a']
1125	['s01g5wxg', '0ojzssli', 'zoipx650', 'pzqmg22v', 'jisznsr3']
1126	['styavbvi', '6sy80720', 'ay69e8ad', '8rvhqd9b', 't2gxkxxd']
1127	['1yrhikew', '4vvuye8u', 'c187k4yc', '8xgp6nhy', 'apfimvix']
1128	['uexahhdr', 'p6uliadr', 'cpc1yefj', 'nkzweuft', '3qefts96']
1129	['q7vv128t', 'kmwfce00', 'f5s0ntps', 'b2fwktld', 'gcecgi3n']
1130	['pz3e9y4i', 'fhc1qf8d', 'e4y6l4lx', '7zshbsww', 'rbau5dc2']
1131	['kwutlh8k', 'ntxr1ivx', 'wbcl8cj9', 'pw58gayr', 'd0pawki3']
1132	['hiw576og', 'olhgu24h', '1y1ik2u9', 'f74g59b0', '43alju3x']
1133	['bw6a5gmy', '24u6q3ae', '25jq098w', 'ydcu8f2k', 'h9i67wbp']
1134	['5azti19e', '05m6gs19', '8ko2lc1b', 'l9lni5d3', 'pdfl15fz']
1135	['kff7ho04', 'g4hlvnmq', 'vmizkujc', 'ydh4ve24', 'nvbt5gxl']
1136	['fgab2fu3', 'puu8wib8', 'rjelshrp', 'bgiyvqgw', '868txjrw']
1137	['ouno4jpl', '1hfvmyfs', 'yxkub54e', '6e444g2z', 'fdkt6moe']
1138	['7ld7hyaw', '8ncc6d2n', '62xdiz68', 'gme1zk3n', 'vgffg4c1']
1139	['cf3l8uzq', 'fo4ax1od', 'n119a7fx', '330hn7ap', 'g4nceu64']
1140	['lmzkseiz', 'ch7nna59', 'ike8mgh6', 'w1azm2mc', 'e0pbs354']
1141	['k7vjqzx1', 'tstx42h7', 'vhjzjdou', 'gxu62u9i', 'hxpqexi1']
1142	['hjuftxwg', 'xi90m4jk', '4et61my3', 'wq0mebm4', '43joavrl']
1143	['ti8hnjgc', 'n6ro088v', 'n1cg1cba', 'fu685z9a', 'pg50i2ql']
1144	['q7pieq3w', 't6vojtu8', 'r5v2gi3v', '0xhho1sh', 'x84su3ki']
1145	['irhizn0b', 'dljqpvyk', 'ruewzstg', 't4y1ylb3', 's6kdchlo']
1146	['n1ysi7qc', 'wuazkwsi', 'l9lni5d3', '56rn6d6o', 'jgq968f6']
1147	['lrgmyfjs', 'dt7hip0z', 'raw2mt47', 'j0uojajt', 's01g5wxg']
1148	['isxasd9b', 'y1uk8yfa', 'qci7khki', '7axeex76', '0lk8eujq']
1149	['iu5ndsxn', 'onlly1ga', '2l883zhe', '14alhxc3', '1l4o9pko']
1150	['2d2y5gmg', '46no7uq8', 'd4eae8g3', '79sbtnhu', 'cb3u1s7s']
1151	['nz976qc6', '186wyg7t', '28lojtvu', '2l883zhe', '8ljnxihr']
1152	['iylmvmv3', '1aqf98e0', 'upiu3e2d', 'gin90aef', 'fj6l76hq']
1153	['5g4smxpv', 'y0mbzzx0', 'mj9xc5fv', '8rn7q32f', 'ppj6qqcx']
1154	['32v44sw9', '0xhho1sh', 'bctb0ewu', 'o3bp0837', 'kfsuiz5t']
1155	['ximw03ej', 'oxtvcoi9', 'del20ax2', 'ofgv3p8y', 'tmnfcs7r']
1156	['m89wmmxd', 'nhkd88yv', 'ypls4zau', 'gof2of9o', 'moxjaxuy']
1157	['dljqpvyk', '7t7ho26v', 'lzsbte0j', '47p4g80o', 'rytzyf1j']
1158	['a702kkx0', '2xl0gp1o', '70nbsrl4', 'yx0u0iyw', '9b6cepf4']
1159	['hb2lieh3', 'hwpn7ti1', 'haxdc30r', '1umbwskb', 'io6f6z3l']
1160	['jqueo6zg', 'dblqryhy', '0r580il2', '0z7ey1nm', 'n5ogyxz7']
1161	['br33p9xd', 'vvmb92wo', 'b39i4v0t', 'dhd9e9bn', 'w1bx4a7v']
1162	['jisznsr3', 'jpenhh92', 'ii3di3dz', 'y12veqre', 'n5ogyxz7']
1163	['gtwg0m54', '1s8jzzwg', 'w0ebmg16', 'vvmb92wo', 'dhd9e9bn']
1164	['8vk15klh', '29opurlw', '4888p05u', '7aaiyppx', 'mup5hr7e']
1165	['zdfx3zo3', 'nvbt5gxl', 'lclxe7i9', 'mcm8hvjx', 'oud5ioks']
1166	['hhen3xjx', 'rhnr430g', '9kq9o5wp', 'yb9uyov3', '75cnqi4v']
1167	['1nqbqmum', 'b0wy5zz4', 'gjsrfmj4', 'ksvw62gl', '81rxs247']
1168	['b4yj7vw0', 'pq75mafr', 'ss7tac1i', '30pl5tx3', '0e97tdez']
1169	['xchvlphf', 'bxuwx1jj', '0m76qrz8', 'ch7nna59', '0xhho1sh']
1170	['h0spcvjl', 'u07jsjmf', '3eu5n942', 'nln6pl3h', '0bczgiyy']
1171	['r4j1rcm5', '2damkjcs', 'cmx0rkvl', 'yo815hnj', 'fynl88p5']
1172	['8ncc6d2n', '62xdiz68', 'styavbvi', 'xld7ztx5', 'qxwjpv40']
1173	['znwa2kig', '8pislcjr', 'd1pgjtjh', 'fd4aag2t', 'yi1s6xap']
1174	['iu1d9i57', '92z77upt', 'umvrwgaw', 'eay6qfhz', 'f74g59b0']
1175	['rytalfyx', 'rytzyf1j', '1hfvmyfs', 'fdkt6moe', 'ltga2btq']
1176	['3tlv2b5x', 'qy4gsvac', '02u91ess', 'p0w1nyof', '7bhue8w5']
1177	['g2j4uqem', '9hzbi2yi', 'be8eu3qi', 'nnp6sv19', 'u42d1p1j']
1178	['09fmkhu5', '81c2mn2c', '1tlduxz2', 'vpcaa8u0', '4bu08m2w']
1179	['9fsk7ftz', 'rmyy6fni', 'e2rtzymt', '2igc5wzx', 'pfh6nm9r']
1180	['jpenhh92', 'ii3di3dz', 'zu5mg2im', 'm847xdzk', 's01g5wxg']
1181	['y4m987yn', '74070a3z', 'lrqt2gcw', 'ciwozpc0', 'mj3gdjxj']
1182	['3jgm3uhs', 'w1azm2mc', '9xxv8a2d', 'bsypo08l', '3qgwoblb']
1183	['bns5eb1t', '265cgz94', 'exjvfaru', '3lfmmfp2', 'ydh4ve24']
1184	['8ljnxihr', 'oud5ioks', 'spfc0fc0', 'u0jddsup', 'jtgpzrf9']
1185	['tstx42h7', 'x84su3ki', 't9hbbqay', '9kfs73sr', '20xgqvxc']
1186	['5nt99kyu', 'w25jpub7', '30r8zd0l', 'l9lni5d3', '2e2s1gof']
1187	['a0q61mpi', 'mqyu72nc', 'te0v91nr', '844229sb', 'onlly1ga']
1188	['c4m63cr3', 'a3fvifax', 'mdy40mhu', 'tv014ubp', '6bwd99d9']
1189	['pdiyqdb3', 'qtzhfnr6', 'ewf1z1ee', 'tgd6gy3z', 'qq46f7fu']
1190	['ivy95jpw', 'onlly1ga', '14alhxc3', 'roe6g61u', 'fub50lvt']
1191	['u8mu4yga', 'fj6l76hq', 'w1bx4a7v', 'i1yf8fgk', 'f96qs295']
1192	['mz7b6ey3', 'dnm7s947', 'lbxg93hl', '88ivkkaw', '60en5zy7']
1193	['3nxmw97e', 'ej9qbrt8', 'hpbcwiwf', 's6kdchlo', 't3vuwghp']
1194	['ximw03ej', '5yscqct1', 'w1bx4a7v', 'tmnfcs7r', 'ofgv3p8y']
1195	['5tpkcd5z', '122yi9np', 'h9nzxlaf', 'z1onkz6u', '8xf8u6bg']
1196	['36zu137v', '5gldyo2d', '9n7a9g78', '8pdlynuo', 'c0i45oix']
1197	['25jq098w', 'z8ajje2l', '5dbuxvc4', 'i6u1x0xq', '7n6pva1l']
1198	['w04z2f0q', 'leqluxpl', '8ti6r0eh', '05g9172m', 'n4ildbuc']
1199	['bb6lv6yg', 'bpu3hpbn', 'hgpiig0g', '79m3sdfe', '9jqafpkp']
1200	['wslsqytj', 'n3yuvf8v', '1tmqe3xf', 'fquzwsiu', 'iw3wv973']
1201	['b1w9ns78', 'sjkni2uc', '0retx7ty', 'duddd1u5', 'flvz7qni']
1202	['ki93iltt', '08p8ns2d', 't3qddrc2', 'xziy99uo', '8brfph9v']
1203	['q7mm4nwm', 'on53pegz', 'z1onkz6u', '4sq7t6hg', 'ryj83uw3']
1204	['089b1z4b', 'zkxrjk3p', '0zjpvzof', 'osrqh33g', 'x9lxyrgw']
1205	['jk37ej4c', '2vs7geu6', 'rj9k9awy', '56zhxd6e', 'l4o7nicc']
1206	['3u3i5myh', 'ruewzstg', 'ijzoa0yn', 'qh6fqna8', 'viqy2ec5']
1207	['ruewzstg', 'irhizn0b', 'dljqpvyk', 't4y1ylb3', 'q7vv128t']
1208	['1omv4r30', 'bl96upg3', 'khkw1hhv', 'tcaglk0u', 'zh8wzza5']
1209	['z4ibcgea', 'seuh82zy', '2cv0vuin', 'vnta2gic', '4war4rud']
1210	['4ag4oune', '42wh36ge', 'qwax5tg9', 'toq9wrg9', 'x4ix852w']
1211	['zyrvgaql', '7097q0r1', '2w80hys9', 'r1m709hb', 'hlulg3wf']
1212	['mlo8zypy', '9n7bkayx', 'obhm5mc5', 'ldyumgm9', '2nj7rn4q']
1213	['2mtuw7gb', 'qjfe2t9v', 'itvjhlnn', 'kp4j9snc', 'hltkddac']
1214	['08mfxvql', '4ylt5rhg', 'vfcp8h1n', 'hzn3qus3', 'xre1l41y']
1215	['4wi9lln9', 'zqzs6vtf', 'tq2vdo88', 'd0r09lj8', 'onlly1ga']
1216	['1r9975o8', '95e1kuux', 'dq3qunwe', 'ai60maqz', '1fr7j93h']
1217	['b0wy5zz4', 'g0wujywh', 'mi6bdisx', '7a543f7v', 'hws1e4tv']
1218	['o4ri7t16', 'xo7q4dqr', 'yji3hwf3', '2hfkrl8m', 'rog0fp93']
1219	['0n51j2jo', 'dm6pznm2', 'ncayc5zj', '1ihib857', 's2vckt2w']
1220	['a9lw6vrs', 'deas7kr0', '9oxajwkk', 'b6lq0aue', '828eqxla']
1221	['gjustwrb', 'o6qw5u3q', 'n0actmsc', 'j5erjttt', '0zun27k4']
1222	['1uabldiq', '9g1wvhi8', 'hapw6lv9', '12yshnt5', 'f4x16qyh']
1223	['1nk1t5qs', 'jnwuu08w', 'i9nchww2', '2yka2luy', 'yv5nepnc']
1224	['ut1k8xe7', '6kbdxhxv', 'm1tv7mgm', '9rrlfnww', '99ln2zzs']
1225	['1a7ugd24', 'cgxs9uam', 'np67kl94', 'usfvulc2', '1igydu3y']
1226	['f6l0hwyw', '3jrb0sn8', '07cica09', '42wcyjuk', '6xxm7hcs']
1227	['zdfslfmb', 'z5493bye', 'bikc25se', '80t2ovkk', 'j99cgsjt']
1228	['9wnkmn27', 'qeqd4soe', '1l4o9pko', 'aakzdkcj', 'ultl3rpu']
1229	['2qwk2z22', '1vj9p7vm', '8zm7n7j9', 'sm0112e3', 'u31ixcwa']
1230	['fj6l76hq', 'w0ebmg16', 'vvmb92wo', 'mnjy6bq2', 'hf79cbuq']
1231	['lclxe7i9', 'tk0iwpnb', '86qczmbt', '8x3lqokw', 'pvw9t7zd']
1232	['9g547s2n', 'rm6av6sj', 'drto66xt', 'uv5jctnd', 'jk5tczo0']
1233	['1l4o9pko', 'aakzdkcj', 'qci7khki', 'onlly1ga', '7esjlc7i']
1234	['o78vcy90', 'sfm82h0g', '0iqdqcp6', 'wdfzrzkt', 'foy3dsq4']
1235	['gtwg0m54', 'pvrp8u8n', 'l19nsvun', '3sqy16rs', '6fmc5mbs']
1236	['7vadpp3d', 'nbn44sxq', 'u8ptvem7', '1pg77f6t', 'gunn55f9']
1237	['sxi0tpsf', 'dhd9e9bn', 'w2c01295', '1vcc1khg', 'ohkki0ke']
1238	['1y79i676', 'rnq3k34m', 'n2rec4i8', '8ncc6d2n', '6mfd3n4s']
1239	['fteydbm8', 'ajzcx2rg', 'dlwwcryb', 'y3a4czk7', 'ylqpkosd']
1240	['a6gczznx', 'r5eve0bl', 'sb5ce0g3', '3a7utmsd', 'qv6oxjwd']
1241	['q4m2uj6r', '5dbuxvc4', 'rlo0sub7', 'car394ou', 'uexahhdr']
1242	['u89jd28e', '6a6tyvtz', 'b5eve7re', '4vtad2ve', 'y04dub8o']
1243	['y1vjka66', 'in69fhw9', 'rcrok8lr', '8vx56qlk', '4iuxm6z2']
1244	['hunepli1', 'wubcq0xx', '855atuue', 'u4ntxo0y', 'dljqpvyk']
1245	['dcli6uaq', 'hfk8nikl', 'mx1d9qqg', 'vj6sw2ne', 'ujy4i5uu']
1246	['25jq098w', 'rytalfyx', 'jbmzvljk', 'wdfzrzkt', 'o78vcy90']
1247	['wigakw9h', 'ojr558x6', 'gw9hkw00', 'ql9cfh1j', 'd4upbc3v']
1248	['belhjr5e', 'mo23hpe1', '0r580il2', '186wyg7t', 'iu5ndsxn']
1249	['5xfgmi2n', '5oj6bqta', 'eohd0jjy', 'yaad1ve4', 'bqdvx458']
1250	['ximw03ej', 'mcmqx7og', 'w3ls1d7w', 'pdfl15fz', 'eay6qfhz']
1251	['0xhho1sh', '4vq9ljlg', '7omyaap8', 'yfoqy2id', 'ga8usnni']
1252	['80dfqjql', 'k9xhphpl', 'j5vhny44', 'az7f7zgr', '3ss714ha']
1253	['1s8jzzwg', 'i1yf8fgk', 'ohkki0ke', 'xtmn1n0r', 'w1bx4a7v']
1254	['7lli72ph', 'p8ckcvyj', 'clrlg58a', 'rc6cza9r', '0w905c2x']
1255	['0bczgiyy', 'on6ss822', 'c9sidpy9', 'tmgmqtjq', 'ipon95io']
1256	['9wnkmn27', 'onlly1ga', 'aakzdkcj', '1l4o9pko', 'iu5ndsxn']
1257	['13kzv4b2', '9jfclm9c', '6t92yhti', '6ulvk9hv', 'cq5il80s']
1258	['s7wykoze', '53v1olqq', 'erygg5u2', 'iy1enazk', 'aj64338q']
1259	['gdbr8zwr', 'ywi0a8s1', '0j4z4ez7', 'zrjvpoq0', 'jo724gaw']
1260	['6hehg1yf', '8ymu432a', 'nblbacmn', 'shad8im4', 'fup55b95']
1261	['xe8t3uqp', 'wtqwghon', 'd6a6nagk', '010vptx3', 'xneu8glk']
1262	['3ubithu4', 'gss2lw8m', 'pggf4wyo', 'w62rqn2p', '7o7v0ewg']
1263	['ktm0akxd', '7objlrqa', '8gl323hs', 'dblqryhy', 'dcli6uaq']
1264	['yfpioqi5', 'p5ceve0x', 'xgfk6txz', 'b0qj7tck', '71yhaphj']
1265	['v14gqr6q', '566pbuic', '4haf8aaw', 'msxp1qkx', '9gx3s4zq']
1266	['gg2swy7i', 'e1macqqm', '6hoi1u8p', 'ataabyg3', 'vadaxbsr']
1267	['9h4zzo5q', 'pxo5uh4w', '86qczmbt', 'oa81rhdb', 'bh8zshy9']
1268	['yosjlefy', 'r0nmq9ne', 'hgph0vx4', 'vh3qs9xv', 'pspko62f']
1269	['7xb7hj9u', 'yj3yisum', 'sjkni2uc', 'r58aohnu', 'eu2vjpw9']
1270	['sgo76prc', 'la2wvnb0', 'sykjpaz2', '52jtd51o', 'ikz8ui8y']
1271	['3jgm3uhs', 'q54el8tf', '755ym7vl', 'qun2lfcv', 'rvygtpvb']
1272	['h9nzxlaf', 'vw9jd88a', 'fu685z9a', 'lby3xhmp', 'ydh4ve24']
1273	['r1tl2hrk', 'ybxuykpz', '1hfvmyfs', 'ouno4jpl', 'nln6pl3h']
1274	['wa5rxe76', 'g1w6w5tm', 'vpoqfm7d', 'a5av0dq8', 't13pehgc']
1275	['jgq968f6', 'w1bx4a7v', 'w3gt0w41', 'xs7vkm19', '9169o29b']
1276	['q8l3ra55', '36flecmg', 'tdlcb9bf', 'p0jht22m', 'raw2mt47']
1277	['mncip6jj', 'irhizn0b', 'jjsr5u2i', 'k7sg7gzd', 'q6ypq90z']
1278	['lrqt2gcw', '9kfs73sr', '6pruwy09', 'zdlbsuys', '3r8jbhhq']
1279	['mi6bdisx', '1vd4j3qc', 'z6cdyy0w', 'msovjuk4', 'c9fg1ni6']
1280	['pgasbdpp', 'pmd1n2l1', '4z8i83p4', 'l69kwh48', '6d3qvtne']
1281	['uk6whrhz', '3p2cuxk0', 'z33cg3nj', '3ubithu4', '296lr317']
1282	['u42d1p1j', '8hvve871', '0a1m1niu', '723l0buc', 'n24k9s1s']
1283	['lm73oj21', '8gl323hs', '5t16srpn', 'mumbnmgz', 'iali360u']
1284	['qjfe2t9v', 'hltkddac', 'lcqxrcji', 'kp4j9snc', 'y8i60bm3']
1285	['s1olwzxi', '53x6do07', 'xqpsdc8u', 'c8krivoj', 'b97acsgn']
1286	['p9fhtjen', 'ng193dnk', '2firaix6', '9kfs73sr', '4pjfnund']
1287	['0iy8clcm', 'hxbi0ofg', 'ydh4ve24', 'gc9eg5j3', 'no7n99cg']
1288	['kjr6dcqv', 'gc9eg5j3', 'a9prti0f', 'g0cgjlok', '089b1z4b']
1289	['j0uojajt', '4kfbs7j4', '95zrth5d', '7axeex76', '8hvve871']
1290	['oi8epg9m', 'g4hlvnmq', 'vmizkujc', '8vx56qlk', 'qu7ddcw9']
1291	['gkf3wez8', '10dkpj5h', '3xvphg52', 'yhyeywvc', '0sac2vic']
1292	['72jwlfqr', '8ubugbn3', '2tax8ajw', 'wtovv1jy', 'g9ao6ruo']
1293	['kt6rs1zo', 'gbf8beq4', '1ujphwmi', 'lht6lhry', 'k7vjqzx1']
1294	['cdr032lw', 'atji1xge', 'h8c8lc0a', 'z3ktkgyp', 'pa81t00f']
1295	['2zu4jjkp', 'tjhz8bdb', '9ljou3ag', 'vrjibtfi', '9rgv88qf']
1296	['vdgu6h0a', 'gqwwfpch', 'dgng39yd', 'zq9ehv7a', 'od5nnxvg']
1297	['5m23wtpi', 'clzxo1ly', '3nf5bxv3', '5vodag6c', 'hwg0lthr']
1298	['2qcuygax', '55gugbs8', 'wl2iuup5', 'i5h0gm3u', '9kfs73sr']
1299	['hkk23tqt', 'z92xqedn', 'gz84xy6q', '9lwtmn6c', 'ow1n47ui']
1300	['q58dzxwc', 'i3ahtzdd', 'b9vm3x3w', 'k2zrdjyo', 'jswlq6wp']
1301	['w3ls1d7w', 'fj6l76hq', 'ohkki0ke', 'y43prnko', 'vvmb92wo']
1302	['me08w1ir', '6nt6msrm', 'td8uwcas', '82hqy612', 'wehqqbjx']
1303	['4c7ug40v', 'j1lhgciv', 'z1onkz6u', 'aqcllik0', 'yj25zkx6']
1304	['h5fvf5ja', 'unbx6od5', 'qp8jxcdl', 'qd73h1ie', '5o0ihd3f']
1305	['g4nto9kf', 'vqlnd5rx', 'xi90m4jk', 'oqz6i77n', 'c9cenvt4']
1306	['ximw03ej', 'vvmb92wo', '4eak8e8l', '9mn6trtn', 'cqsga44v']
1307	['z68tl88x', 'juofmvz2', '7esjlc7i', 'qc6untrw', 'd0s3vl2w']
1308	['ixvtt3g8', 'b4161ynv', '9rczqcaz', '5nxcmedx', 't3b2adct']
1309	['styavbvi', 'wfa5fb3r', 'is9a77dk', '3cl3q80m', 'xld7ztx5']
1310	['9n7bkayx', 'mlo8zypy', 'ldyumgm9', 'obhm5mc5', 'awxo0osz']
1311	['p9c3g251', '6vmfa6qx', 'h87bv6gd', 's3mczqvx', 'qt3kk30m']
1312	['jisznsr3', '195h4ofw', 'hnj1jqr1', 'iz74o9de', 'o8gdpf0i']
1313	['1475ms9x', 'plzklj7c', 'umyojne2', 'v5beddu4', '9e6g15iw']
1314	['5q49qq42', 'cqz8ar83', 'y7s6qt6j', 'xs7vkm19', '8acldtv2']
1315	['cnz7jlw4', 'f0kcf2y0', 'mz1bof2x', 'd8vo0ncl', 'u10j114l']
1316	['9kfs73sr', 'msovjuk4', '09jbs6mx', '54fmvcl5', '11d18w9y']
1317	['9ixpj162', 'v5beddu4', 'cd7cfpx3', 'yqx0xqz9', 'xzuynia2']
1318	['l97yi8l9', '186wyg7t', 'nvebqwwh', 'nz976qc6', 'fub50lvt']
1319	['h7ftu3ax', 'vvmb92wo', '9pb2eqoa', 'y43prnko', 'w3ls1d7w']
1320	['mqyu72nc', '5ojyly05', 'wnm89gfo', 'xokujzbl', 'ypmeh8y3']
1321	['lh82rl24', '68cgub5o', 'j1lhgciv', 'z152rm9y', 'kxdfnykd']
1322	['ml27mexb', '1vcc1khg', 'vvxz7pei', 'tpic8ddl', 'e2rtzymt']
1323	['x7ffgtrd', '307rt03e', 'fyzmun11', '9rxv6fy9', 'ixjg2psz']
1324	['bgiyvqgw', 'g5uu01aa', 'uk0hlynp', 'gsplo37j', 'kczhrxxd']
1325	['x14iywtr', '5t4twnpm', 'i5j4nmjz', 'zq6oe8w0', 'nbn44sxq']
1326	['3o7rd8pt', '01bjz2qq', 'yj652emy', 'ksgdjdh1', 'tweqie5k']
1327	['dgnddq80', '6hhauza0', 'kjf63oug', 'ajmelb8a', 'uwdzic4k']
1328	['rvygtpvb', 'rimct0c4', 'tk7eturq', 'ulwirxeu', '222ci300']
1329	['fsid4a39', 'jbpocl1k', '1ke7wisc', 'vrttjv2b', 'u0lvjlbs']
1330	['lty6oq3d', 'bv7hvc1e', '0oq0xmzr', 'qgwu9fsk', 'zbi0llig']
1331	['kl2w6yiv', 'wcmxmahq', 'mdsjbfmx', '0vy5yifk', '8qml9rrb']
1332	['fj6l76hq', 'vvmb92wo', '1zuhilmu', 'jb455t9p', '8je46886']
1333	['iz74o9de', 'jisznsr3', 'iuziorsk', 'o8gdpf0i', 'j0sr3ifq']
1334	['jc5ik84m', 'lz8b60ew', 'egzlstrz', 'kjgyjk2g', 'fu685z9a']
1335	['qlng0zvn', '07xpz3qg', '43uwgep5', 'sowhjk3f', '52htv15k']
1336	['6x8xp62f', '8xdz41w9', 'g9btjkcn', '3x6u95w5', 'qh59uqx4']
1337	['rp9opdmd', 'vwh0roww', 'gcv4lmsr', 'vrjibtfi', '75m13rha']
1338	['0njeeoc3', '8r6hln9b', '3huh7iwn', 'mo4luyx6', 'awn23o8y']
1339	['4socpj73', '039k70vs', '01h205jf', '3wg6flz0', 'exl5zxeu']
1340	['vww8d1ew', 'm5pe8kr4', 'pindjvhk', 'mfziqu80', 'wpuf4ofo']
1341	['43joavrl', 'tvfe29no', '3lfmmfp2', 'v0y734lu', '6yio5mjl']
1342	['ocxl6cf4', 'ecro0w9n', 'rhnr430g', 'l57v4wnr', '2dixw8up']
1343	['qvj36vut', 'itqi22lv', 'd3530i86', 'adusu6pm', 'xmgi40hg']
1344	['wcq3qqt4', 'f74g59b0', 'ai60maqz', 'fj6l76hq', 'qxxn1zf9']
1345	['zecuhkcd', 'h4fo8h90', '4vq9ljlg', 'n9nu5n44', 'vx1hjh26']
1346	['dcli6uaq', 'raw2mt47', '4pcv1i3i', 'hfk8nikl', '2igc5wzx']
1347	['x84su3ki', 'yx0u0iyw', 'k7vjqzx1', 'wt5qxe0j', '30r8zd0l']
1348	['hqapg5ow', 'dq3qunwe', 'x7ffgtrd', 'h7ftu3ax', 'w0ebmg16']
1349	['s19w1p2i', 'be4afbyo', '11bh9v5i', 'pg50i2ql', 't2riiouk']
1350	['3bo4md44', '7auhiq44', 'efox6z5q', 'tnejo5wc', 'hruge79z']
1351	['mkgszhkk', '1zuhilmu', 'fj6l76hq', 'vx1hjh26', 'vvmb92wo']
1352	['aqcllik0', 'yj25zkx6', '914oafkn', 'd5w0ecuy', 'pxof8c2o']
1353	['4d6az41t', 'pg69ww3a', '9zco6ofx', 'lpar7tc8', '35xqlryc']
1354	['s0ca1r5s', 'roe6g61u', 'onlly1ga', 'lm73oj21', 'iu5ndsxn']
1355	['zbi0llig', 'oyr4klqk', 'ax3e82js', 'a40yhtqk', 'hn6clwoj']
1356	['rh2jrojk', 'belhjr5e', '2l883zhe', '8o2xddof', 'nvbt5gxl']
1357	['1foh6k53', 'be4afbyo', 'f74g59b0', 'aawjla6h', 'ykxr9q1j']
1358	['itxde5mw', 'v49l6txn', 'y43prnko', '9pb2eqoa', 'ai60maqz']
1359	['hzbtd39j', 'ag6lu4em', '6qai5sev', '6xxm7hcs', 'vuxxerob']
1360	['mo4luyx6', 'dlpgq0rm', 'r5fdn7uz', 's6sp3rme', 'eecwjrdc']
1361	['7ru6tapp', 'lkb09vs8', '4vkkaqhz', 'nyvmlxqf', 'gufkvmdb']
1362	['8hchfgx6', 'cg6v3yma', 'g17lp8ch', '5vp2r2bd', '4ff2e17a']
1363	['jisznsr3', 'p7foay4k', 'o8gdpf0i', 'ucysxk5c', 'h13dq0x4']
1364	['sqxdwu6j', 'ijp87jav', 'gcr0i406', 'dsg0p37t', 'h6xa91pu']
1365	['5bl4h80v', 'xcduaqje', 'zna49ifn', 'ud8cz3sp', 'y2oqlr9x']
1366	['8ihlm3fw', 'i4lg3x9r', 'sv48gjkk', '5c1r2ml2', 'u22z526l']
1367	['zdfx3zo3', 'oud5ioks', 'te0v91nr', 'dbwew1op', '4mlz5w0j']
1368	['ibnudp1x', '7q2jd0mf', 'jyxrk9bz', 'l9lj98b1', 'ion9fkpg']
1369	['nyvmlxqf', 'jgq968f6', '4j8b8z4t', 'q7pieq3w', 'lyospxp7']
1370	['wgfdd3lm', 'xi90m4jk', '54aruvbf', 'cj82xu0w', 'v0y734lu']
1371	['od0y5ruh', '0si51n85', 'pu12u627', 'hm332jqo', 'f2jzz41d']
1372	['7gqkyq1j', 'uk6whrhz', '0illlel7', '3p2cuxk0', '52qpcg63']
1373	['rpa2v44v', 'wnm89gfo', 'ydh4ve24', 'mqyu72nc', 'pb25lrnw']
1374	['ktjhr028', 'w1bx4a7v', '7ruoysxu', '4eak8e8l', 'ximw03ej']
1375	['2qcuygax', 'hunepli1', 'c8krivoj', '0pcgcbjw', 'xneu8glk']
1376	['uw0rrel5', 'gjk8kc8g', 'vbayngh0', '8brfph9v', 'ne816kr4']
1377	['xtnyad3j', 'dhd9e9bn', 'pg0l92zb', '6wb18u6w', 'lmzkseiz']
1378	['gk3wr6s1', '34ulkvl4', '8vx56qlk', 'rng65ofx', 'rcrok8lr']
1379	['y1ob8tcq', '6pruwy09', 'mup5hr7e', '7aaiyppx', 'c90vgc47']
1380	['sywxrxmf', 'ivy95jpw', '1l4o9pko', 'iu5ndsxn', 'isxasd9b']
1381	['g4hlvnmq', '9uxazk87', 'pb25lrnw', 'utak6i4e', '9h4zzo5q']
1382	['ximw03ej', 'h7ftu3ax', '1vcc1khg', 'w1bx4a7v', 'gjtefdxb']
1383	['focpnnks', '69o6g1oe', '8j3bb6zx', 'yg2voc65', 'l0l2ev29']
1384	['lgtpeqhw', 'zvmwubuk', 'nnp6sv19', 'o8nf7nd0', 'tpmb397f']
1385	['0j4z4ez7', 'qp8jxcdl', 'lur9d6ji', 'dayqtzfq', 'ayd59zpj']
1386	['ximw03ej', 'rfchb7ar', 'ylqpkosd', 'ohkki0ke', 'dhd9e9bn']
1387	['9wnkmn27', 'd21lvneh', 'lvydhfej', '1l4o9pko', 'onlly1ga']
1388	['icgsbelo', 'vww8d1ew', 'ledopkwj', '1lggbkly', '4kyy2g76']
1389	['xgfk6txz', '2l5gc4x2', 'l8bs2km2', 'b0qj7tck', '0vjxc1bm']
1390	['vw9jd88a', 'ypmeh8y3', 'sz5fr79q', 'u4ntxo0y', 'a7eabvvo']
1391	['onlly1ga', 'gk3wr6s1', '34ulkvl4', 'oud5ioks', 'hcw0cisk']
1392	['unx1pv2k', 'e8mk04uf', 'xl0zb9zj', 'usfvulc2', 'cgxs9uam']
1393	['urazxa6x', 'dg4rfgbw', 'j8dtmy7k', 'yxe19kwe', '9bzbab1s']
1394	['pzqmg22v', 'y12veqre', 's01g5wxg', 'zoipx650', 'n5ogyxz7']
1395	['y349r3r6', 'cabmmgg6', 'pfh6nm9r', '582ts5mf', '9h4zzo5q']
1396	['bpnqz1cn', 'qbhw96wv', 'duwr9b5b', 'an1wfsvk', 'jp87rp44']
1397	['in69fhw9', 'rcrok8lr', 'uj5deryi', '5ojyly05', 'cabmmgg6']
1398	['5al7jmeb', 'rytzyf1j', 'wtovv1jy', 'bikc25se', '1nmzo9at']
1399	['2j11uxmx', 'rb20ge7e', 'ljlsvc9h', '53t1mhnb', 't3dzso36']
1400	['zj0yxy2z', '5mj8o6xn', 'ja3v0wua', 'cwreauh8', 'vbhijlmn']
1401	['8o2xddof', 'ivy95jpw', '14alhxc3', 'ygn9oiir', 'iu5ndsxn']
1402	['on53pegz', '3kjckx8o', 'hhy9g1yf', 'xltcax0k', 'dzkf7c7l']
1403	['nfem3htm', '0dp28rsd', 'zpxnr9s9', '1nmzo9at', 'o8gdpf0i']
1404	['dksw5yzp', 'ks0zkp57', '0zjpvzof', '8vx56qlk', 'rcrok8lr']
1405	['u31ixcwa', '16ff3c7m', '383sp7f5', '40dsvwyb', 'sm0112e3']
1406	['ucmzbezx', 'wtovv1jy', 'gk3wr6s1', '9ljou3ag', 'zecuhkcd']
1407	['xeb14weg', 'cjfn4dna', '4socpj73', 'lnls2mhg', 'f2ypnls4']
1408	['erdcvj30', 'yfbg2n2u', 'cpp2l8n5', 'egy8rgtl', 'yeowvvqi']
1409	['rwovxw7a', '4kfbs7j4', 'lgtpeqhw', 'iqe6sdq2', 'yn9qcwvq']
1410	['qjfe2t9v', 'hltkddac', 'lcqxrcji', 'kp4j9snc', 'y8i60bm3']
1411	['0g3pro4v', '71x3b75z', 'gtbegs4r', 'is9a77dk', '7ld7hyaw']
1412	['yxkub54e', 'nln6pl3h', 'cgc0v1dg', '64sdgroi', '095g2l66']
1413	['y12veqre', 'iz74o9de', '36flecmg', '0ojzssli', '2hbcbvt6']
1414	['uru7bkr4', 'iff8cuum', '5al7jmeb', '7kxi7px1', '59u9ezr2']
1415	['ybpev0vi', 'ncbjncfx', 'jcp3u4mf', '1tqwmy8m', 'zjbyz1vy']
1416	['236otwxj', 'pspko62f', 'rxx0w56j', 'pmcvhg2i', 'c7ci5w56']
1417	['ai60maqz', 'dhd9e9bn', 'h7ftu3ax', 'ximw03ej', 'u8mu4yga']
1418	['9aw78s63', 'trmwm9qq', 'sygm6irl', '1ov3eydq', '3m9yonqe']
1419	['ruewzstg', '9kfs73sr', 'fu685z9a', '3o91v72a', 'qh6fqna8']
1420	['y6jw3gws', 'np67kl94', 'dzkhc9q5', '121p2shq', '0shy9q2l']
1421	['vuxxerob', 'fdsaajpy', 'ex6dyr77', '6xxm7hcs', 'bqdvx458']
1422	['ksgdjdh1', 'whkfvd7l', 'm4vu77v6', 's3o9v1fl', '597wavq2']
1423	['5nxcmedx', 'ksii37ja', 'b4161ynv', '1j4w2hyp', 'dti9o5x3']
1424	['s2vckt2w', 'rpjg4a9i', 'vrs88dcy', 'ncayc5zj', 'j1ucrhd7']
1425	['g3ny530a', 'wp3rwdum', 'eknixot2', '7tqxng6p', 'b3nv1vl6']
1426	['dvpqkmnh', '52qpcg63', '0illlel7', 'bfmcqcq1', '3p2cuxk0']
1427	['m72i8vtq', 'eumvomou', 'pq6c0zia', 'etriddkx', 'd8lmft7i']
1428	['m5siraig', 'dz6nv7h1', 'fb9jz93q', 'e7ud2rrq', 'vda9s8lj']
1429	['irx4pcsx', 'tvg6q8cw', 'v5beddu4', '9jfclm9c', '09q2so3j']
1430	['8ko2lc1b', 'ubhv7my6', 'i4bb531h', '1cpjqav4', '86auifl6']
1431	['tbio295u', 'wxor6kg3', 'ybxuykpz', '78kbutc3', '2ui7z8wi']
1432	['ximw03ej', 'w1bx4a7v', 'sxi0tpsf', '9pb2eqoa', 'nr0fu2qb']
1433	['urk8aa5b', '9n0sy82w', 'jdsha5ol', 'kyy53jru', 'wnuvofwr']
1434	['1zuhilmu', 'y43prnko', 'ximw03ej', 'w1bx4a7v', 'fj6l76hq']
1435	['hp62t734', 'ebgu29uh', 't13pehgc', 'c3a85ld0', 'vpoqfm7d']
1436	['eza5qh47', 'x0kcrmol', 'uliopaz0', 'gc9eg5j3', 'xochpgld']
1437	['v7szuzfa', 'vxf2jexb', 'z3zr2meq', 'hay91kuq', 'g2wpw330']
1438	['lgtpeqhw', 'yn9qcwvq', 'iqe6sdq2', 'n5qfwl57', 'ikon1ktb']
1439	['cwekmw1a', 'dksw5yzp', '8p0xdqba', '41yfx1ev', 'ks0zkp57']
1440	['vpih1wvs', 'l69kwh48', 'qj1v04cf', '6vqf2n5j', '9ljou3ag']
1441	['wb1apvn2', 'i6x0334e', 'qv1xfrg6', 'ragjcn97', 'j5vhny44']
1442	['ohyvuybc', 'vq9m9m94', 'x64zft78', '06fwhyac', 'drto66xt']
1443	['32ut5vr7', '4seogrqq', '1bxl5nrm', 'yf3z913h', '2ehuuvnx']
1444	['9rczqcaz', 'fup55b95', 'y4cqgbm2', 'uo3ww8j4', 'st67fvgk']
1445	['leg5ntvu', 'ko42qlzr', '6l3coibe', 'bnhwbaqj', 'o1xsjx2p']
1446	['p699a0g2', 'gk3wr6s1', 'lrgmyfjs', '8f83k2ce', '6buxpp8x']
